Workbook
Name data: Sheet7!#REF!
Name S: Sheet7!$G$103:$I$147
Name S_1: Sheet7!#REF!
Name S_2: Sheet7!#REF!
Name S_3: Sheet7!#REF!
Name S_4: Sheet7!#REF!
Name S_5: Sheet7!$G$8:$I$52
Name S_6: Sheet7!$G$55:$I$99
Name T: Sheet7!$M$103:$O$137
Name T_1: Sheet7!#REF!
Name T_2: Sheet7!#REF!
Name T_3: Sheet7!#REF!
Name T_4: Sheet7!$M$8:$O$42
Name T_5: Sheet7!$M$55:$O$89

Sheet Sheet1
G1: [Na]2 M | H1: 1 | U1: Lin. Fit | V1: Lin. Fit | W1: Nonlin. Fit | X1: Nonlin. Fit | Y1: Nonlin. Fit
B2: e [Abs/mM] | C2: 1.23 | D2: BnOH | F2: fit range [s] | G2: data file | H2: Buf | I2: T [C] | J2: [Buf] M | K2: pH | L2: [Na]0 M | M2: I M | N2: activity of z=-1 | O2: [BnOH] mM | P2: [H2O2] mM | Q2: [Enz] mM | R2: a | S2: b | T2: a/b [Abs/s] | U2: r [Abs/s] | V2: r [mM/s] | W2: r/([H2O2]*a) [1/s] | X2: r/a [mM/s] | Y2: r [mM/s]
B3: e [Abs/mM] | C3: 7.53 | D3: MeOBnOH | F3: SS_smooth | G3: BnOH_uncat_001 | H3: Phos | I3: =25+273.15 -> 298.15 | J3: 0.05 | K3: 7 | L3: 0.07871 | M3: 0.1077 | N3: =10^(-(1.824*10^6)/(78.54*I3)^(3/2))*SQRT(M3) -> 0.10164504 | O3: 0.099 | P3: 122.37 | Q3: 0 | R3: 0.03628 | S3: 17400 | T3: =R3/S3 -> 2.0850575e-06 | U3: 1.077e-06 | V3: =U3/($C$2) -> 8.7560976e-07 | W3: =T3/(P3*$C$2*N3) -> 1.3628617e-07 | X3: =T3/($C$2*N3) -> 1.6677338e-05 | Y3: =T3/($C$2) -> 1.6951687e-06
F4: SS_smooth | G4: BnOH_uncat_001 | H4: Phos | I4: =25+273.15 -> 298.15 | J4: 0.05 | K4: 7 | L4: 0.07871 | M4: 0.1077 | N4: =10^(-(1.824*10^6)/(78.54*I4)^(3/2))*SQRT(M4) -> 0.10164504 | O4: 0.49 | P4: 122.37 | Q4: 0 | R4: 0.1144 | S4: 23790 | T4: =R4/S4 -> 4.8087432e-06 | U4: 3.716e-06 | V4: =U4/($C$2) -> 3.0211382e-06 | W4: =T4/(P4*$C$2*N4) -> 3.1431516e-07 | X4: =T4/($C$2*N4) -> 3.8462746e-05 | Y4: =T4/($C$2) -> 3.9095473e-06
F5: SS_smooth | G5: BnOH_uncat_001 | H5: Phos | I5: =25+273.15 -> 298.15 | J5: 0.05 | K5: 7 | L5: 0.07871 | M5: 0.1077 | N5: =10^(-(1.824*10^6)/(78.54*I5)^(3/2))*SQRT(M5) -> 0.10164504 | O5: 0.99 | P5: 122.37 | Q5: 0 | R5: 0.1642 | S5: 25600 | T5: =R5/S5 -> 6.4140625e-06 | U5: 5.077e-06 | V5: =U5/($C$2) -> 4.1276423e-06 | W5: =T5/(P5*$C$2*N5) -> 4.1924407e-07 | X5: =T5/($C$2*N5) -> 5.1302897e-05 | Y5: =T5/($C$2) -> 5.214685e-06 | AT5: pH = 7.0 | AU5: Km | AV5: kc | AW5: ku | AX5: pH = 8.0 | AY5: Km | AZ5: kc | BA5: ku
F6: SS_smooth | G6: BnOH_uncat_001 | H6: Phos | I6: =25+273.15 -> 298.15 | J6: 0.05 | K6: 7 | L6: 0.07871 | M6: 0.1077 | N6: =10^(-(1.824*10^6)/(78.54*I6)^(3/2))*SQRT(M6) -> 0.10164504 | O6: 2.46 | P6: 122.37 | Q6: 0 | R6: 0.2174 | S6: 24080 | T6: =R6/S6 -> 9.0282392e-06 | U6: 7.075e-06 | V6: =U6/($C$2) -> 5.7520325e-06 | W6: =T6/(P6*$C$2*N6) -> 5.901152e-07 | X6: =T6/($C$2*N6) -> 7.2212397e-05 | Y6: =T6/($C$2) -> 7.3400319e-06 | AT6: fit 1 | AU6: 0.5694 | AV6: 7.484e-06 | AW6: 1.102e-07 | AX6: fit 1 | AY6: 0.7099 | AZ6: 1.679e-05 | BA6: 1.029e-06
F7: SS_smooth | G7: BnOH_uncat_001 | H7: Phos | I7: =25+273.15 -> 298.15 | J7: 0.05 | K7: 7 | L7: 0.07871 | M7: 0.1077 | N7: =10^(-(1.824*10^6)/(78.54*I7)^(3/2))*SQRT(M7) -> 0.10164504 | O7: 9.85 | P7: 122.37 | Q7: 0 | R7: 0.3731 | S7: 33170 | T7: =R7/S7 -> 1.1248116e-05 | U7: 9.309e-06 | V7: =U7/($C$2) -> 7.5682927e-06 | W7: =T7/(P7*$C$2*N7) -> 7.3521358e-07 | X7: =T7/($C$2*N7) -> 8.9968086e-05 | Y7: =T7/($C$2) -> 9.1448096e-06 | AT7: fit 2 | AU7: 0.6985 | AV7: 8.398e-06
F8: SS_smooth | G8: BnOH_uncat_002 | H8: Phos | I8: =25+273.15 -> 298.15 | J8: 0.05 | K8: 7 | L8: 0.07871 | M8: 0.1077 | N8: =10^(-(1.824*10^6)/(78.54*I8)^(3/2))*SQRT(M8) -> 0.10164504 | O8: 0.099 | P8: 122.37 | Q8: 0 | R8: 0.01999 | S8: 9685 | T8: =R8/S8 -> 2.0640165e-06 | U8: 1.742e-06 | V8: =U8/($C$2) -> 1.4162602e-06 | W8: =T8/(P8*$C$2*N8) -> 1.3491086e-07 | X8: =T8/($C$2*N8) -> 1.6509042e-05 | Y8: =T8/($C$2) -> 1.6780622e-06
F9: SS_smooth | G9: BnOH_uncat_002 | H9: Phos | I9: =25+273.15 -> 298.15 | J9: 0.05 | K9: 7 | L9: 0.07871 | M9: 0.1077 | N9: =10^(-(1.824*10^6)/(78.54*I9)^(3/2))*SQRT(M9) -> 0.10164504 | O9: 0.49 | P9: 122.37 | Q9: 0 | R9: 0.1506 | S9: 29400 | T9: =R9/S9 -> 5.122449e-06 | U9: 4.614e-06 | V9: =U9/($C$2) -> 3.7512195e-06 | W9: =T9/(P9*$C$2*N9) -> 3.3481999e-07 | X9: =T9/($C$2*N9) -> 4.0971923e-05 | Y9: =T9/($C$2) -> 4.1645927e-06 | AM9: Benzyl alcohol phosphoric
F10: SS_smooth | G10: BnOH_uncat_002 | H10: Phos | I10: =25+273.15 -> 298.15 | J10: 0.05 | K10: 7 | L10: 0.07871 | M10: 0.1077 | N10: =10^(-(1.824*10^6)/(78.54*I10)^(3/2))*SQRT(M10) -> 0.10164504 | O10: 0.99 | P10: 122.37 | Q10: 0 | R10: 0.2867 | S10: 38610 | T10: =R10/S10 -> 7.4255374e-06 | U10: 6.854e-06 | V10: =U10/($C$2) -> 5.5723577e-06 | W10: =T10/(P10*$C$2*N10) -> 4.8535738e-07 | X10: =T10/($C$2*N10) -> 5.9393182e-05 | Y10: =T10/($C$2) -> 6.0370223e-06 | AM10: sub ph 7 | AN10: =G3 -> BnOH_uncat_001 | AO10: =G8 -> BnOH_uncat_002 | AP10: =G13 -> BnOH_uncat_003 | AQ10: mean | AR10: s | AS10: w | AT10: s/2 | AU10: 5*s/2
F11: SS_smooth | G11: BnOH_uncat_002 | H11: Phos | I11: =25+273.15 -> 298.15 | J11: 0.05 | K11: 7 | L11: 0.07871 | M11: 0.1077 | N11: =10^(-(1.824*10^6)/(78.54*I11)^(3/2))*SQRT(M11) -> 0.10164504 | O11: 2.46 | P11: 122.37 | Q11: 0 | R11: 0.3705 | S11: 42630 | T11: =R11/S11 -> 8.6910626e-06 | U11: 7.731e-06 | V11: =U11/($C$2) -> 6.2853659e-06 | W11: =T11/(P11*$C$2*N11) -> 5.6807624e-07 | X11: =T11/($C$2*N11) -> 6.9515489e-05 | Y11: =T11/($C$2) -> 7.0659046e-06 | AM11: =O3 -> 0.099 | AN11: =V3 -> 8.7560976e-07 | AO11: =V8 -> 1.4162602e-06 | AP11: =V13 -> 1.0674797e-06 | AQ11: =(AN11+AO11+AP11)/3 -> 1.1197832e-06 | AR11: =SQRT(0.5*((AN11-AQ11)^2+(AO11-AQ11)^2+(AP11-AQ11)^2)) -> 2.7409389e-07 | AS11: =1/AR11 -> 3648384.9 | AT11: =AR11/2 -> 1.3704694e-07 | AU11: 1.43e-06
F12: SS_smooth | G12: BnOH_uncat_002 | H12: Phos | I12: =25+273.15 -> 298.15 | J12: 0.05 | K12: 7 | L12: 0.07871 | M12: 0.1077 | N12: =10^(-(1.824*10^6)/(78.54*I12)^(3/2))*SQRT(M12) -> 0.10164504 | O12: 9.85 | P12: 122.37 | Q12: 0 | R12: 0.7107 | S12: 65230 | T12: =R12/S12 -> 1.0895294e-05 | U12: 1.02e-05 | V12: =U12/($C$2) -> 8.2926829e-06 | W12: =T12/(P12*$C$2*N12) -> 7.1215197e-07 | X12: =T12/($C$2*N12) -> 8.7146037e-05 | Y12: =T12/($C$2) -> 8.8579623e-06 | AM12: =O4 -> 0.49 | AN12: =V4 -> 3.0211382e-06 | AO12: =V9 -> 3.7512195e-06 | AP12: =V14 -> 3.8317073e-06 | AQ12: =(AN12+AO12+AP12)/3 -> 3.5346883e-06 | AR12: =SQRT(0.5*((AN12-AQ12)^2+(AO12-AQ12)^2+(AP12-AQ12)^2)) -> 4.4656453e-07 | AS12: =1/AR12 -> 2239318 | AT12: =AR12/2 -> 2.2328226e-07 | AU12: 1.43e-06 | AX12: sub | AY12: fit 1 | AZ12: fit 2 | BA12: fit 3
F13: SS_smooth | G13: BnOH_uncat_003 | H13: Phos | I13: =25+273.15 -> 298.15 | J13: 0.05 | K13: 7 | L13: 0.07871 | M13: 0.1077 | N13: =10^(-(1.824*10^6)/(78.54*I13)^(3/2))*SQRT(M13) -> 0.10164504 | O13: 0.099 | P13: 122.37 | Q13: 0 | R13: 0.04518 | S13: 29250 | T13: =R13/S13 -> 1.5446154e-06 | U13: 1.313e-06 | V13: =U13/($C$2) -> 1.0674797e-06 | W13: =T13/(P13*$C$2*N13) -> 1.0096111e-07 | X13: =T13/($C$2*N13) -> 1.2354611e-05 | Y13: =T13/($C$2) -> 1.2557849e-06 | AM13: =O5 -> 0.99 | AN13: =V5 -> 4.1276423e-06 | AO13: =V10 -> 5.5723577e-06 | AP13: =V15 -> 6.0487805e-06 | AQ13: =(AN13+AO13+AP13)/3 -> 5.2495935e-06 | AR13: =SQRT(0.5*((AN13-AQ13)^2+(AO13-AQ13)^2+(AP13-AQ13)^2))/2 -> 5.0020635e-07 | AS13: =1/AR13 -> 1999174.9 | AT13: =AR13/2 -> 2.5010317e-07 | AU13: 1.43e-06 | AX13: 0 | AY13: =($AV$6*AX13)/($AU$6+AX13)+AX13*$AW$6 -> 0 | AZ13: =($AV$7*AX13)/($AU$7+AX13) -> 0 | BA13: =($AZ$6*AX13)/($AY$6+AX13)+AX13*$BA$6 -> 0
F14: SS_smooth | G14: BnOH_uncat_003 | H14: Phos | I14: =25+273.15 -> 298.15 | J14: 0.05 | K14: 7 | L14: 0.07871 | M14: 0.1077 | N14: =10^(-(1.824*10^6)/(78.54*I14)^(3/2))*SQRT(M14) -> 0.10164504 | O14: 0.49 | P14: 122.37 | Q14: 0 | R14: 0.1778 | S14: 34740 | T14: =R14/S14 -> 5.1180196e-06 | U14: 4.713e-06 | V14: =U14/($C$2) -> 3.8317073e-06 | W14: =T14/(P14*$C$2*N14) -> 3.3453047e-07 | X14: =T14/($C$2*N14) -> 4.0936494e-05 | Y14: =T14/($C$2) -> 4.1609915e-06 | AM14: =O6 -> 2.46 | AN14: =V6 -> 5.7520325e-06 | AO14: =V11 -> 6.2853659e-06 | AP14: =V16 -> 6.3073171e-06 | AQ14: =(AN14+AO14+AP14)/3 -> 6.1149051e-06 | AR14: =SQRT(0.5*((AN14-AQ14)^2+(AO14-AQ14)^2+(AP14-AQ14)^2)) -> 3.1444852e-07 | AS14: =1/AR14 -> 3180170.8 | AT14: =AR14/2 -> 1.5722426e-07 | AU14: 1.43e-06 | AX14: 0.1 | AY14: =($AV$6*AX14)/($AU$6+AX14)+AX14*$AW$6 -> 1.1290361e-06 | AZ14: =($AV$7*AX14)/($AU$7+AX14) -> 1.051722e-06 | BA14: =($AZ$6*AX14)/($AY$6+AX14)+AX14*$BA$6 -> 2.1759954e-06
B15: pyrophosphate | C15: 6.7 | F15: SS_smooth | G15: BnOH_uncat_003 | H15: Phos | I15: =25+273.15 -> 298.15 | J15: 0.05 | K15: 7 | L15: 0.07871 | M15: 0.1077 | N15: =10^(-(1.824*10^6)/(78.54*I15)^(3/2))*SQRT(M15) -> 0.10164504 | O15: 0.99 | P15: 122.37 | Q15: 0 | R15: 0.2763 | S15: 34260 | T15: =R15/S15 -> 8.0647986e-06 | U15: 7.44e-06 | V15: =U15/($C$2) -> 6.0487805e-06 | W15: =T15/(P15*$C$2*N15) -> 5.2714157e-07 | X15: =T15/($C$2*N15) -> 6.4506314e-05 | Y15: =T15/($C$2) -> 6.5567468e-06 | AM15: =O7 -> 9.85 | AN15: =V7 -> 7.5682927e-06 | AO15: =V12 -> 8.2926829e-06 | AP15: =V17 -> 8.5691057e-06 | AQ15: =(AN15+AO15+AP15)/3 -> 8.1433604e-06 | AR15: =SQRT(0.5*((AN15-AQ15)^2+(AO15-AQ15)^2+(AP15-AQ15)^2)) -> 5.1684579e-07 | AS15: =1/AR15 -> 1934813.1 | AT15: =AR15/2 -> 2.584229e-07 | AU15: 1.43e-06 | AX15: 0.2 | AY15: =($AV$6*AX15)/($AU$6+AX15)+AX15*$AW$6 -> 1.967452e-06 | AZ15: =($AV$7*AX15)/($AU$7+AX15) -> 1.8693378e-06 | BA15: =($AZ$6*AX15)/($AY$6+AX15)+AX15*$BA$6 -> 3.8963154e-06
B16: Boric acid pKa | C16: 9.24 | F16: SS_smooth | G16: BnOH_uncat_003 | H16: Phos | I16: =25+273.15 -> 298.15 | J16: 0.05 | K16: 7 | L16: 0.07871 | M16: 0.1077 | N16: =10^(-(1.824*10^6)/(78.54*I16)^(3/2))*SQRT(M16) -> 0.10164504 | O16: 2.46 | P16: 122.37 | Q16: 0 | R16: 2.388 | S16: 298700 | T16: =R16/S16 -> 7.9946435e-06 | U16: 7.758e-06 | V16: =U16/($C$2) -> 6.3073171e-06 | W16: =T16/(P16*$C$2*N16) -> 5.22556e-07 | X16: =T16/($C$2*N16) -> 6.3945178e-05 | Y16: =T16/($C$2) -> 6.4997101e-06 | AR16: =2*AR15 -> 1.0336916e-06 | AS16: =1/AR16 -> 967406.54 | AX16: 0.3 | AY16: =($AV$6*AX16)/($AU$6+AX16)+AX16*$AW$6 -> 2.6155307e-06 | AZ16: =($AV$7*AX16)/($AU$7+AX16) -> 2.5231848e-06 | BA16: =($AZ$6*AX16)/($AY$6+AX16)+AX16*$BA$6 -> 5.2963225e-06
B17: NaH2PO4 pKa | C17: 6.865 | F17: SS_smooth | G17: BnOH_uncat_003 | H17: Phos | I17: =25+273.15 -> 298.15 | J17: 0.05 | K17: 7 | L17: 0.07871 | M17: 0.1077 | N17: =10^(-(1.824*10^6)/(78.54*I17)^(3/2))*SQRT(M17) -> 0.10164504 | O17: 9.85 | P17: 122.37 | Q17: 0 | R17: 1.964 | S17: 180400 | T17: =R17/S17 -> 1.0886918e-05 | U17: 1.054e-05 | V17: =U17/($C$2) -> 8.5691057e-06 | W17: =T17/(P17*$C$2*N17) -> 7.1160451e-07 | X17: =T17/($C$2*N17) -> 8.7079044e-05 | Y17: =T17/($C$2) -> 8.8511528e-06 | AX17: 0.4 | AY17: =($AV$6*AX17)/($AU$6+AX17)+AX17*$AW$6 -> 3.1321757e-06 | AZ17: =($AV$7*AX17)/($AU$7+AX17) -> 3.0579882e-06 | BA17: =($AZ$6*AX17)/($AY$6+AX17)+AX17*$BA$6 -> 6.4625956e-06
F18: SS_smooth | G18: data69 | H18: Phos | I18: =25+273.15 -> 298.15 | J18: 0.085 | K18: 8.01 | L18: 0.1641 | M18: 0.2434 | N18: =10^(-(1.824*10^6)/(78.54*I18)^(3/2))*SQRT(M18) -> 0.15280537 | O18: 0.21 | P18: 122.43 | Q18: 0 | R18: 0.311 | S18: 39970 | T18: =R18/S18 -> 7.7808356e-06 | U18: 6.328e-06 | V18: =U18/($C$2) -> 5.1447154e-06 | W18: =T18/(P18*$C$2*N18) -> 3.3813853e-07 | X18: =T18/($C$2*N18) -> 4.13983e-05 | Y18: =T18/($C$2) -> 6.3258826e-06 | AX18: 0.5 | AY18: =($AV$6*AX18)/($AU$6+AX18)+AX18*$AW$6 -> 3.5542584e-06 | AZ18: =($AV$7*AX18)/($AU$7+AX18) -> 3.5035461e-06 | BA18: =($AZ$6*AX18)/($AY$6+AX18)+AX18*$BA$6 -> 7.45309e-06
B19: Vmax (1/s) | C19: Km M | E19: bad curv | F19: SS_smooth | G19: data69 | H19: Phos | I19: =25+273.15 -> 298.15 | J19: 0.085 | K19: 8.01 | L19: 0.1641 | M19: 0.2434 | N19: =10^(-(1.824*10^6)/(78.54*I19)^(3/2))*SQRT(M19) -> 0.15280537 | O19: 0.42 | P19: 122.43 | Q19: 0 | R19: 0.229 | S19: 39970 | T19: =R19/S19 -> 5.729297e-06 | U19: 4.021e-06 | V19: =U19/($C$2) -> 3.2691057e-06 | W19: =T19/(P19*$C$2*N19) -> 2.4898303e-07 | X19: =T19/($C$2*N19) -> 3.0482993e-05 | Y19: =T19/($C$2) -> 4.657965e-06 | AX19: 0.6 | AY19: =($AV$6*AX19)/($AU$6+AX19)+AX19*$AW$6 -> 3.9060379e-06 | AZ19: =($AV$7*AX19)/($AU$7+AX19) -> 3.8804775e-06 | BA19: =($AZ$6*AX19)/($AY$6+AX19)+AX19*$BA$6 -> 8.3080634e-06
B20: 1.335e-06 | C20: 0.1169 | F20: SS_smooth | G20: data69 | H20: Phos | I20: =25+273.15 -> 298.15 | J20: 0.085 | K20: 8.01 | L20: 0.1641 | M20: 0.2434 | N20: =10^(-(1.824*10^6)/(78.54*I20)^(3/2))*SQRT(M20) -> 0.15280537 | O20: 1.05 | P20: 122.43 | Q20: 0 | R20: 0.9121 | S20: 39970 | T20: =R20/S20 -> 2.2819615e-05 | U20: 2.187e-05 | V20: =U20/($C$2) -> 1.7780488e-05 | W20: =T20/(P20*$C$2*N20) -> 9.9169181e-07 | X20: =T20/($C$2*N20) -> 0.00012141283 | Y20: =T20/($C$2) -> 1.8552532e-05 | AM20: Benzyl alcohol phosphoric | AX20: 0.7 | AY20: =($AV$6*AX20)/($AU$6+AX20)+AX20*$AW$6 -> 4.2041291e-06 | AZ20: =($AV$7*AX20)/($AU$7+AX20) -> 4.2035038e-06 | BA20: =($AZ$6*AX20)/($AY$6+AX20)+AX20*$BA$6 -> 9.0563522e-06
F21: SS_smooth | G21: data69 | H21: Phos | I21: =25+273.15 -> 298.15 | J21: 0.085 | K21: 8.01 | L21: 0.1641 | M21: 0.2434 | N21: =10^(-(1.824*10^6)/(78.54*I21)^(3/2))*SQRT(M21) -> 0.15280537 | O21: 2.11 | P21: 122.43 | Q21: 0 | R21: 0.9893 | S21: 39970 | T21: =R21/S21 -> 2.4751063e-05 | U21: 2.479e-05 | V21: =U21/($C$2) -> 2.0154472e-05 | W21: =T21/(P21*$C$2*N21) -> 1.0756284e-06 | X21: =T21/($C$2*N21) -> 0.00013168919 | Y21: =T21/($C$2) -> 2.0122816e-05 | AM21: sub ph 8 | AN21: data69 | AO21: data70 | AP21: data67 | AQ21: mean | AR21: s | AS21: w | AT21: s/2 | AX21: 0.8 | AY21: =($AV$6*AX21)/($AU$6+AX21)+AX21*$AW$6 -> 4.4602938e-06 | AZ21: =($AV$7*AX21)/($AU$7+AX21) -> 4.4834168e-06 | BA21: =($AZ$6*AX21)/($AY$6+AX21)+AX21*$BA$6 -> 9.7191534e-06
F22: 200 smooth | G22: data70 | H22: Phos | I22: =25+273.15 -> 298.15 | J22: 0.085 | K22: 8.01 | L22: 0.1641 | M22: 0.2434 | N22: =10^(-(1.824*10^6)/(78.54*I22)^(3/2))*SQRT(M22) -> 0.15280537 | O22: 0.21 | P22: 122.43 | Q22: 0 | R22: 0.4212 | S22: 40000 | T22: =R22/S22 -> 1.053e-05 | U22: 1.227e-05 | V22: =U22/($C$2) -> 9.9756098e-06 | W22: =T22/(P22*$C$2*N22) -> 4.5761135e-07 | X22: =T22/($C$2*N22) -> 5.6025358e-05 | Y22: =T22/($C$2) -> 8.5609756e-06 | AM22: =O18 -> 0.21 | AN22: =V18 -> 5.1447154e-06 | AO22: =V22 -> 9.9756098e-06 | AQ22: =(AN22+AO22)/2 -> 7.5601626e-06 | AR22: =SQRT(((AN22-AQ22)^2+(AO22-AQ22)^2)) -> 3.4159581e-06 | AS22: =1/AR22 -> 292743.64 | AT22: =AR22/2 -> 1.7079791e-06 | AX22: 0.9 | AY22: =($AV$6*AX22)/($AU$6+AX22)+AX22*$AW$6 -> 4.6830918e-06 | AZ22: =($AV$7*AX22)/($AU$7+AX22) -> 4.7283078e-06 | BA22: =($AZ$6*AX22)/($AY$6+AX22)+AX22*$BA$6 -> 1.0312397e-05
F23: 200 smooth | G23: data70 | H23: Phos | I23: =25+273.15 -> 298.15 | J23: 0.085 | K23: 8.01 | L23: 0.1641 | M23: 0.2434 | N23: =10^(-(1.824*10^6)/(78.54*I23)^(3/2))*SQRT(M23) -> 0.15280537 | O23: 0.42 | P23: 122.43 | Q23: 0 | R23: 0.784 | S23: 39970 | T23: =R23/S23 -> 1.9614711e-05 | U23: 2.378e-05 | V23: =U23/($C$2) -> 1.9333333e-05 | W23: =T23/(P23*$C$2*N23) -> 8.5241353e-07 | X23: =T23/($C$2*N23) -> 0.00010436099 | Y23: =T23/($C$2) -> 1.594692e-05 | AM23: =O19 -> 0.42 | AN23: =V19 -> 3.2691057e-06 | AO23: =V23 -> 1.9333333e-05 | AQ23: =(AN23+AO23)/2 -> 1.130122e-05 | AR23: =SQRT(((AN23-AQ23)^2+(AO23-AQ23)^2)) -> 1.1359124e-05 | AS23: =1/AR23 -> 88034.955 | AT23: =AR23/2 -> 5.6795622e-06 | AX23: 1 | AY23: =($AV$6*AX23)/($AU$6+AX23)+AX23*$AW$6 -> 4.8789014e-06 | AZ23: =($AV$7*AX23)/($AU$7+AX23) -> 4.9443627e-06 | BA23: =($AZ$6*AX23)/($AY$6+AX23)+AX23*$BA$6 -> 1.0848288e-05
F24: 200 smooth | G24: data70 | H24: Phos | I24: =25+273.15 -> 298.15 | J24: 0.085 | K24: 8.01 | L24: 0.1641 | M24: 0.2434 | N24: =10^(-(1.824*10^6)/(78.54*I24)^(3/2))*SQRT(M24) -> 0.15280537 | O24: 1.05 | P24: 122.43 | Q24: 0 | R24: 1.082 | S24: 39970 | T24: =R24/S24 -> 2.7070303e-05 | U24: 2.842e-05 | V24: =U24/($C$2) -> 2.3105691e-05 | W24: =T24/(P24*$C$2*N24) -> 1.1764176e-06 | X24: =T24/($C$2*N24) -> 0.00014402881 | Y24: =T24/($C$2) -> 2.2008376e-05 | AM24: =O20 -> 1.05 | AN24: =V20 -> 1.7780488e-05 | AO24: =V24 -> 2.3105691e-05 | AQ24: =(AN24+AO24)/2 -> 2.0443089e-05 | AR24: =SQRT(((AN24-AQ24)^2+(AO24-AQ24)^2)) -> 3.7654873e-06 | AS24: =1/AR24 -> 265569.88 | AT24: =AR24/2 -> 1.8827437e-06 | AX24: 1.1 | AY24: =($AV$6*AX24)/($AU$6+AX24)+AX24*$AW$6 -> 5.0525726e-06 | AZ24: =($AV$7*AX24)/($AU$7+AX24) -> 5.1363914e-06 | BA24: =($AZ$6*AX24)/($AY$6+AX24)+AX24*$BA$6 -> 1.1336331e-05
F25: 200 smooth | G25: data70 | H25: Phos | I25: =25+273.15 -> 298.15 | J25: 0.085 | K25: 8.01 | L25: 0.1641 | M25: 0.2434 | N25: =10^(-(1.824*10^6)/(78.54*I25)^(3/2))*SQRT(M25) -> 0.15280537 | O25: 2.11 | P25: 122.43 | Q25: 0 | R25: 1.008 | S25: 39970 | T25: =R25/S25 -> 2.5218914e-05 | U25: 2.553e-05 | V25: =U25/($C$2) -> 2.0756098e-05 | W25: =T25/(P25*$C$2*N25) -> 1.0959602e-06 | X25: =T25/($C$2*N25) -> 0.00013417841 | Y25: =T25/($C$2) -> 2.0503182e-05 | AM25: =O21 -> 2.11 | AN25: =V21 -> 2.0154472e-05 | AO25: =V25 -> 2.0756098e-05 | AQ25: =(AN25+AO25)/2 -> 2.0455285e-05 | AR25: =SQRT(((AN25-AQ25)^2+(AO25-AQ25)^2)) -> 4.2541384e-07 | AS25: =1/AR25 -> 2350652.3 | AT25: =AR25/2 -> 2.1270692e-07 | AX25: 1.2 | AY25: =($AV$6*AX25)/($AU$6+AX25)+AX25*$AW$6 -> 5.2078589e-06 | AZ25: =($AV$7*AX25)/($AU$7+AX25) -> 5.3081907e-06 | BA25: =($AZ$6*AX25)/($AY$6+AX25)+AX25*$BA$6 -> 1.1784043e-05
F26: 200 smooth | G26: data67 | H26: Phos | I26: =25+273.15 -> 298.15 | J26: 0.085 | K26: 8.01 | L26: 0.1641 | M26: 0.2434 | N26: =10^(-(1.824*10^6)/(78.54*I26)^(3/2))*SQRT(M26) -> 0.15280537 | O26: 0.37 | P26: 122.43 | Q26: 0 | R26: 0.2967 | S26: 39970 | T26: =R26/S26 -> 7.4230673e-06 | U26: 7.231e-06 | V26: =U26/($C$2) -> 5.8788618e-06 | W26: =T26/(P26*$C$2*N26) -> 3.2259068e-07 | X26: =T26/($C$2*N26) -> 3.9494777e-05 | Y26: =T26/($C$2) -> 6.0350141e-06 | AM26: =O26 -> 0.37 | AP26: =V26 -> 5.8788618e-06 | AQ26: =AP26 -> 5.8788618e-06 | AR26: =AR25 -> 4.2541384e-07 | AS26: =1/AR26 -> 2350652.3 | AT26: =AR26/2 -> 2.1270692e-07 | AX26: 1.3 | AY26: =($AV$6*AX26)/($AU$6+AX26)+AX26*$AW$6 -> 5.3477106e-06 | AZ26: =($AV$7*AX26)/($AU$7+AX26) -> 5.4627971e-06 | BA26: =($AZ$6*AX26)/($AY$6+AX26)+AX26*$BA$6 -> 1.2197444e-05
F27: 200 smooth | G27: data67 | H27: Phos | I27: =25+273.15 -> 298.15 | J27: 0.085 | K27: 8.01 | L27: 0.1641 | M27: 0.2434 | N27: =10^(-(1.824*10^6)/(78.54*I27)^(3/2))*SQRT(M27) -> 0.15280537 | O27: 1.83 | P27: 122.43 | Q27: 0 | R27: 0.6886 | S27: 39970 | T27: =R27/S27 -> 1.7227921e-05 | U27: 1.817e-05 | V27: =U27/($C$2) -> 1.4772358e-05 | W27: =T27/(P27*$C$2*N27) -> 7.4868872e-07 | X27: =T27/($C$2*N27) -> 9.166196e-05 | Y27: =T27/($C$2) -> 1.400644e-05 | AM27: =O28 -> 3.7 | AP27: =V28 -> 1.6878049e-05 | AQ27: =AP27 -> 1.6878049e-05 | AR27: =AR26 -> 4.2541384e-07 | AS27: =1/AR27 -> 2350652.3 | AT27: =AR27/2 -> 2.1270692e-07 | AX27: 1.4 | AY27: =($AV$6*AX27)/($AU$6+AX27)+AX27*$AW$6 -> 5.474479e-06 | AZ27: =($AV$7*AX27)/($AU$7+AX27) -> 5.6026686e-06 | BA27: =($AZ$6*AX27)/($AY$6+AX27)+AX27*$BA$6 -> 1.2581412e-05
F28: 200 smooth | G28: data67 | H28: Phos | I28: =25+273.15 -> 298.15 | J28: 0.085 | K28: 8.01 | L28: 0.1641 | M28: 0.2434 | N28: =10^(-(1.824*10^6)/(78.54*I28)^(3/2))*SQRT(M28) -> 0.15280537 | O28: 3.7 | P28: 122.43 | Q28: 0 | R28: 0.8415 | S28: 39970 | T28: =R28/S28 -> 2.105329e-05 | U28: 2.076e-05 | V28: =U28/($C$2) -> 1.6878049e-05 | W28: =T28/(P28*$C$2*N28) -> 9.149311e-07 | X28: =T28/($C$2*N28) -> 0.00011201501 | Y28: =T28/($C$2) -> 1.7116496e-05 | AM28: =O29 -> 7.31 | AP28: =V29 -> 2.2756098e-05 | AQ28: =AP28 -> 2.2756098e-05 | AR28: =AR27 -> 4.2541384e-07 | AS28: =1/AR28 -> 2350652.3 | AT28: =AR28/2 -> 2.1270692e-07 | AX28: 1.5 | AY28: =($AV$6*AX28)/($AU$6+AX28)+AX28*$AW$6 -> 5.5900608e-06 | AZ28: =($AV$7*AX28)/($AU$7+AX28) -> 5.7298158e-06 | BA28: =($AZ$6*AX28)/($AY$6+AX28)+AX28*$BA$6 -> 1.2939943e-05
F29: 200 smooth | G29: data67 | H29: Phos | I29: =25+273.15 -> 298.15 | J29: 0.085 | K29: 8.01 | L29: 0.1641 | M29: 0.2434 | N29: =10^(-(1.824*10^6)/(78.54*I29)^(3/2))*SQRT(M29) -> 0.15280537 | O29: 7.31 | P29: 122.43 | Q29: 0 | R29: 1.101 | S29: 39970 | T29: =R29/S29 -> 2.7545659e-05 | U29: 2.799e-05 | V29: =U29/($C$2) -> 2.2756098e-05 | W29: =T29/(P29*$C$2*N29) -> 1.1970756e-06 | X29: =T29/($C$2*N29) -> 0.00014655797 | Y29: =T29/($C$2) -> 2.2394845e-05 | AX29: 1.6 | AY29: =($AV$6*AX29)/($AU$6+AX29)+AX29*$AW$6 -> 5.6960029e-06 | AZ29: =($AV$7*AX29)/($AU$7+AX29) -> 5.8458995e-06 | BA29: =($AZ$6*AX29)/($AY$6+AX29)+AX29*$BA$6 -> 1.3276341e-05
F30: 1000 smooth | G30: data65 | H30: Boric | I30: =25+273.15 -> 298.15 | J30: 0.0875 | K30: 8.51 | L30: 0.01347 | M30: 0.01347 | N30: =10^(-(1.824*10^6)/(78.54*I30)^(3/2))*SQRT(M30) -> 0.035946957 | O30: 0.37 | P30: 122.43 | Q30: 0 | R30: 0.8305 | S30: 54620 | T30: =R30/S30 -> 1.5205053e-05 | U30: 1.475e-05 | V30: =U30/($C$2) -> 1.199187e-05 | W30: =T30/(P30*$C$2*N30) -> 2.8088778e-06 | X30: =T30/($C$2*N30) -> 0.00034389091 | Y30: =T30/($C$2) -> 1.2361832e-05 | AX30: 1.7 | AY30: =($AV$6*AX30)/($AU$6+AX30)+AX30*$AW$6 -> 5.7935795e-06 | AZ30: =($AV$7*AX30)/($AU$7+AX30) -> 5.9523035e-06 | BA30: =($AZ$6*AX30)/($AY$6+AX30)+AX30*$BA$6 -> 1.359336e-05
B31: I for Borat + H2O2 | F31: 1000 smooth | G31: data65 | H31: Boric | I31: =25+273.15 -> 298.15 | J31: 0.0875 | K31: 8.51 | L31: 0.01347 | M31: 0.01347 | N31: =10^(-(1.824*10^6)/(78.54*I31)^(3/2))*SQRT(M31) -> 0.035946957 | O31: 1.83 | P31: 122.43 | Q31: 0 | R31: 1.378 | S31: 54530 | T31: =R31/S31 -> 2.5270493e-05 | U31: 2.48e-05 | V31: =U31/($C$2) -> 2.0162602e-05 | W31: =T31/(P31*$C$2*N31) -> 4.6682986e-06 | X31: =T31/($C$2*N31) -> 0.0005715398 | Y31: =T31/($C$2) -> 2.0545117e-05 | AX31: 1.8 | AY31: =($AV$6*AX31)/($AU$6+AX31)+AX31*$AW$6 -> 5.88385e-06 | AZ31: =($AV$7*AX31)/($AU$7+AX31) -> 6.0501901e-06 | BA31: =($AZ$6*AX31)/($AY$6+AX31)+AX31*$BA$6 -> 1.3893317e-05
B32: pH | C32: 8.5 | F32: 1000 smooth | G32: data65 | H32: Boric | I32: =25+273.15 -> 298.15 | J32: 0.0875 | K32: 8.51 | L32: 0.01347 | M32: 0.01347 | N32: =10^(-(1.824*10^6)/(78.54*I32)^(3/2))*SQRT(M32) -> 0.035946957 | O32: 3.7 | P32: 122.43 | Q32: 0 | R32: 1.897 | S32: 54490 | T32: =R32/S32 -> 3.4813727e-05 | U32: 3.51e-05 | V32: =U32/($C$2) -> 2.8536585e-05 | W32: =T32/(P32*$C$2*N32) -> 6.4312506e-06 | X32: =T32/($C$2*N32) -> 0.00078737801 | Y32: =T32/($C$2) -> 2.8303843e-05 | AX32: 1.9 | AY32: =($AV$6*AX32)/($AU$6+AX32)+AX32*$AW$6 -> 5.9677019e-06 | AZ32: =($AV$7*AX32)/($AU$7+AX32) -> 6.1405426e-06 | BA32: =($AZ$6*AX32)/($AY$6+AX32)+AX32*$BA$6 -> 1.4178174e-05
B33: pka1 | C33: 9.24 | F33: 1000 smooth | G33: data65 | H33: Boric | I33: =25+273.15 -> 298.15 | J33: 0.0875 | K33: 8.51 | L33: 0.01347 | M33: 0.01347 | N33: =10^(-(1.824*10^6)/(78.54*I33)^(3/2))*SQRT(M33) -> 0.035946957 | O33: 7.31 | P33: 122.43 | Q33: 0 | R33: 1.817 | S33: 50010 | T33: =R33/S33 -> 3.6332733e-05 | U33: 3.623e-05 | V33: =U33/($C$2) -> 2.9455285e-05 | W33: =T33/(P33*$C$2*N33) -> 6.7118614e-06 | X33: =T33/($C$2*N33) -> 0.00082173319 | Y33: =T33/($C$2) -> 2.9538808e-05 | AX33: 2 | AY33: =($AV$6*AX33)/($AU$6+AX33)+AX33*$AW$6 -> 6.0458845e-06 | AZ33: =($AV$7*AX33)/($AU$7+AX33) -> 6.2241986e-06 | BA33: =($AZ$6*AX33)/($AY$6+AX33)+AX33*$BA$6 -> 1.4449601e-05
B34: pKa H2O2 | C34: 11.75 | AX34: 2.1 | AY34: =($AV$6*AX34)/($AU$6+AX34)+AX34*$AW$6 -> 6.1190352e-06 | AZ34: =($AV$7*AX34)/($AU$7+AX34) -> 6.301876e-06 | BA34: =($AZ$6*AX34)/($AY$6+AX34)+AX34*$BA$6 -> 1.4709033e-05
B35: F(B) [M] | C35: =J30 -> 0.0875 | AX35: 2.2 | AY35: =($AV$6*AX35)/($AU$6+AX35)+AX35*$AW$6 -> 6.1876989e-06 | AZ35: =($AV$7*AX35)/($AU$7+AX35) -> 6.3741935e-06 | BA35: =($AZ$6*AX35)/($AY$6+AX35)+AX35*$BA$6 -> 1.4957707e-05
B36: F(H2O2) [M] | C36: 0.0825 | AX36: 2.3 | AY36: =($AV$6*AX36)/($AU$6+AX36)+AX36*$AW$6 -> 6.2523448e-06 | AZ36: =($AV$7*AX36)/($AU$7+AX36) -> 6.4416875e-06 | BA36: =($AZ$6*AX36)/($AY$6+AX36)+AX36*$BA$6 -> 1.5196694e-05
B37: [B-] | C37: =(10^(C32-C33)/(1+10^(C32-C33)))*C35 -> 0.013471054 | AD37: =-1106.87102 -> -1106.871 | AX37: 2.4 | AY37: =($AV$6*AX37)/($AU$6+AX37)+AX37*$AW$6 -> 6.3133788e-06 | AZ37: =($AV$7*AX37)/($AU$7+AX37) -> 6.5048249e-06 | BA37: =($AZ$6*AX37)/($AY$6+AX37)+AX37*$BA$6 -> 1.542693e-05
B38: [HO2-] | C38: =(10^(C32-C34)/(1+10^(C32-C34)))*C36 -> 4.6367085e-05 | M38: =M33 -> 0.01347 | AX38: 2.5 | AY38: =($AV$6*AX38)/($AU$6+AX38)+AX38*$AW$6 -> 6.3711539e-06 | AZ38: =($AV$7*AX38)/($AU$7+AX38) -> 6.5640144e-06 | BA38: =($AZ$6*AX38)/($AY$6+AX38)+AX38*$BA$6 -> 1.5649231e-05
B39: z1 | C39: -1 | J39: 0.05 M | AX39: 2.6 | AY39: =($AV$6*AX39)/($AU$6+AX39)+AX39*$AW$6 -> 6.4259786e-06 | AZ39: =($AV$7*AX39)/($AU$7+AX39) -> 6.619615e-06 | BA39: =($AZ$6*AX39)/($AY$6+AX39)+AX39*$BA$6 -> 1.5864318e-05
B40: I [M] | C40: =0.5*((C39)^2*C37+(C39)^2*C38+ABS(C39)*C37+ABS(C39)*C38) -> 0.013517421 | J40: 0.085 | L40: 85 mM | N40: =M3 -> 0.1077 | AX40: 2.7 | AY40: =($AV$6*AX40)/($AU$6+AX40)+AX40*$AW$6 -> 6.4781236e-06 | AZ40: =($AV$7*AX40)/($AU$7+AX40) -> 6.6719435e-06 | BA40: =($AZ$6*AX40)/($AY$6+AX40)+AX40*$BA$6 -> 1.6072825e-05
L41: 50 mM | AX41: 2.8 | AY41: =($AV$6*AX41)/($AU$6+AX41)+AX41*$AW$6 -> 6.5278275e-06 | AZ41: =($AV$7*AX41)/($AU$7+AX41) -> 6.7212805e-06 | BA41: =($AZ$6*AX41)/($AY$6+AX41)+AX41*$BA$6 -> 1.6275314e-05
T42: =180/4.2 -> 42.857143 | AX42: 2.9 | AY42: =($AV$6*AX42)/($AU$6+AX42)+AX42*$AW$6 -> 6.5753015e-06 | AZ42: =($AV$7*AX42)/($AU$7+AX42) -> 6.7678755e-06 | BA42: =($AZ$6*AX42)/($AY$6+AX42)+AX42*$BA$6 -> 1.6472285e-05
AX43: 3 | AY43: =($AV$6*AX43)/($AU$6+AX43)+AX43*$AW$6 -> 6.6207328e-06 | AZ43: =($AV$7*AX43)/($AU$7+AX43) -> 6.8119508e-06 | BA43: =($AZ$6*AX43)/($AY$6+AX43)+AX43*$BA$6 -> 1.6664185e-05
AX44: 3.1 | AY44: =($AV$6*AX44)/($AU$6+AX44)+AX44*$AW$6 -> 6.6642886e-06 | AZ44: =($AV$7*AX44)/($AU$7+AX44) -> 6.8537054e-06 | BA44: =($AZ$6*AX44)/($AY$6+AX44)+AX44*$BA$6 -> 1.6851413e-05
AX45: 3.2 | AY45: =($AV$6*AX45)/($AU$6+AX45)+AX45*$AW$6 -> 6.706118e-06 | AZ45: =($AV$7*AX45)/($AU$7+AX45) -> 6.8933179e-06 | BA45: =($AZ$6*AX45)/($AY$6+AX45)+AX45*$BA$6 -> 1.7034328e-05
L46: =0.05+0.09 -> 0.14 | AX46: 3.3 | AY46: =($AV$6*AX46)/($AU$6+AX46)+AX46*$AW$6 -> 6.746355e-06 | AZ46: =($AV$7*AX46)/($AU$7+AX46) -> 6.9309491e-06 | BA46: =($AZ$6*AX46)/($AY$6+AX46)+AX46*$BA$6 -> 1.7213252e-05
L47: =L46/2 -> 0.07 | AX47: 3.4 | AY47: =($AV$6*AX47)/($AU$6+AX47)+AX47*$AW$6 -> 6.7851199e-06 | AZ47: =($AV$7*AX47)/($AU$7+AX47) -> 6.9667439e-06 | BA47: =($AZ$6*AX47)/($AY$6+AX47)+AX47*$BA$6 -> 1.7388476e-05
AX48: 3.5 | AY48: =($AV$6*AX48)/($AU$6+AX48)+AX48*$AW$6 -> 6.8225212e-06 | AZ48: =($AV$7*AX48)/($AU$7+AX48) -> 7.0008336e-06 | BA48: =($AZ$6*AX48)/($AY$6+AX48)+AX48*$BA$6 -> 1.7560264e-05
AA49: =EXP(1) -> 2.7182818 | AX49: 3.6 | AY49: =($AV$6*AX49)/($AU$6+AX49)+AX49*$AW$6 -> 6.858657e-06 | AZ49: =($AV$7*AX49)/($AU$7+AX49) -> 7.0333372e-06 | BA49: =($AZ$6*AX49)/($AY$6+AX49)+AX49*$BA$6 -> 1.7728855e-05
AX50: 3.7 | AY50: =($AV$6*AX50)/($AU$6+AX50)+AX50*$AW$6 -> 6.8936162e-06 | AZ50: =($AV$7*AX50)/($AU$7+AX50) -> 7.0643629e-06 | BA50: =($AZ$6*AX50)/($AY$6+AX50)+AX50*$BA$6 -> 1.7894468e-05
AX51: 3.8 | AY51: =($AV$6*AX51)/($AU$6+AX51)+AX51*$AW$6 -> 6.9274797e-06 | AZ51: =($AV$7*AX51)/($AU$7+AX51) -> 7.0940091e-06 | BA51: =($AZ$6*AX51)/($AY$6+AX51)+AX51*$BA$6 -> 1.8057299e-05
AX52: 3.9 | AY52: =($AV$6*AX52)/($AU$6+AX52)+AX52*$AW$6 -> 6.960321e-06 | AZ52: =($AV$7*AX52)/($AU$7+AX52) -> 7.122366e-06 | BA52: =($AZ$6*AX52)/($AY$6+AX52)+AX52*$BA$6 -> 1.821753e-05
AX53: 4 | AY53: =($AV$6*AX53)/($AU$6+AX53)+AX53*$AW$6 -> 6.9922072e-06 | AZ53: =($AV$7*AX53)/($AU$7+AX53) -> 7.1495158e-06 | BA53: =($AZ$6*AX53)/($AY$6+AX53)+AX53*$BA$6 -> 1.8375326e-05
AX54: 4.1 | AY54: =($AV$6*AX54)/($AU$6+AX54)+AX54*$AW$6 -> 7.0231996e-06 | AZ54: =($AV$7*AX54)/($AU$7+AX54) -> 7.175534e-06 | BA54: =($AZ$6*AX54)/($AY$6+AX54)+AX54*$BA$6 -> 1.853084e-05
AX55: 4.2 | AY55: =($AV$6*AX55)/($AU$6+AX55)+AX55*$AW$6 -> 7.0533545e-06 | AZ55: =($AV$7*AX55)/($AU$7+AX55) -> 7.2004899e-06 | BA55: =($AZ$6*AX55)/($AY$6+AX55)+AX55*$BA$6 -> 1.8684211e-05
AX56: 4.3 | AY56: =($AV$6*AX56)/($AU$6+AX56)+AX56*$AW$6 -> 7.0827235e-06 | AZ56: =($AV$7*AX56)/($AU$7+AX56) -> 7.2244473e-06 | BA56: =($AZ$6*AX56)/($AY$6+AX56)+AX56*$BA$6 -> 1.8835566e-05
H57: =200/60 -> 3.3333333 | AO57: f(x) = | AP57: (a*K*sqrt(1+4*x/K)-a*K)/(b+x) | AX57: 4.4 | AY57: =($AV$6*AX57)/($AU$6+AX57)+AX57*$AW$6 -> 7.111354e-06 | AZ57: =($AV$7*AX57)/($AU$7+AX57) -> 7.2474649e-06 | BA57: =($AZ$6*AX57)/($AY$6+AX57)+AX57*$BA$6 -> 1.8985026e-05
AO58: a = | AP58: 8.517e-06 | AX58: 4.5 | AY58: =($AV$6*AX58)/($AU$6+AX58)+AX58*$AW$6 -> 7.1392898e-06 | AZ58: =($AV$7*AX58)/($AU$7+AX58) -> 7.269597e-06 | BA58: =($AZ$6*AX58)/($AY$6+AX58)+AX58*$BA$6 -> 1.9132698e-05
AO59: b = | AP59: 0.2132 | AX59: 4.6 | AY59: =($AV$6*AX59)/($AU$6+AX59)+AX59*$AW$6 -> 7.166571e-06 | AZ59: =($AV$7*AX59)/($AU$7+AX59) -> 7.2908936e-06 | BA59: =($AZ$6*AX59)/($AY$6+AX59)+AX59*$BA$6 -> 1.9278683e-05
AO60: K= | AP60: 6.824 | AX60: 4.7 | AY60: =($AV$6*AX60)/($AU$6+AX60)+AX60*$AW$6 -> 7.1932351e-06 | AZ60: =($AV$7*AX60)/($AU$7+AX60) -> 7.3114013e-06 | BA60: =($AZ$6*AX60)/($AY$6+AX60)+AX60*$BA$6 -> 1.9423076e-05
AA61: 4-Methoxybenzyl alcohol | AB61: mean | AC61: s | AD61: s/2 | AE61: weight | AN61: 0 | AO61: =($AP$58*$AP$60*SQRT(1+4*AN61/$AP$60)-$AP$58*$AP$60)/($AP$59+AN61) -> 0 | AX61: 4.8 | AY61: =($AV$6*AX61)/($AU$6+AX61)+AX61*$AW$6 -> 7.2193165e-06 | AZ61: =($AV$7*AX61)/($AU$7+AX61) -> 7.331163e-06 | BA61: =($AZ$6*AX61)/($AY$6+AX61)+AX61*$BA$6 -> 1.9565963e-05
AA62: =(H71+H72+H73)/3 -> 4.1266667 | AB62: =(Z75+#REF!+Z76)/3 -> #REF! | AC62: =#REF! -> #REF! | AD62: =AC62/2 -> #REF! | AE62: =1/AC62 -> #REF! | AN62: 0.1 | AO62: =($AP$58*$AP$60*SQRT(1+4*AN62/$AP$60)-$AP$58*$AP$60)/($AP$59+AN62) -> 5.3612514e-06 | AX62: 4.9 | AY62: =($AV$6*AX62)/($AU$6+AX62)+AX62*$AW$6 -> 7.2448471e-06 | AZ62: =($AV$7*AX62)/($AU$7+AX62) -> 7.3502188e-06 | BA62: =($AZ$6*AX62)/($AY$6+AX62)+AX62*$BA$6 -> 1.9707424e-05
AA63: =H74 -> 8.25 | AB63: =Z77 -> 8.8670524e-07 | AC63: =AA77 -> 563885.24 | AD63: =AC63/2 -> 281942.62 | AE63: =1/AC63 -> 1.7734105e-06 | AN63: 0.2 | AO63: =($AP$58*$AP$60*SQRT(1+4*AN63/$AP$60)-$AP$58*$AP$60)/($AP$59+AN63) -> 8.0164779e-06 | AX63: 5 | AY63: =($AV$6*AX63)/($AU$6+AX63)+AX63*$AW$6 -> 7.2698566e-06 | AZ63: =($AV$7*AX63)/($AU$7+AX63) -> 7.3686058e-06 | BA63: =($AZ$6*AX63)/($AY$6+AX63)+AX63*$BA$6 -> 1.9847534e-05
AA64: =H75 -> 1.03 | AB64: =Z78 -> 1.4339338e-06 | AC64: =AA78 -> 348691.13 | AD64: =AC64/2 -> 174345.57 | AE64: =1/AC64 -> 2.8678676e-06 | AN64: 0.3 | AO64: =($AP$58*$AP$60*SQRT(1+4*AN64/$AP$60)-$AP$58*$AP$60)/($AP$59+AN64) -> 9.5544839e-06 | AX64: 5.1 | AY64: =($AV$6*AX64)/($AU$6+AX64)+AX64*$AW$6 -> 7.2943726e-06 | AZ64: =($AV$7*AX64)/($AU$7+AX64) -> 7.3863585e-06 | BA64: =($AZ$6*AX64)/($AY$6+AX64)+AX64*$BA$6 -> 1.9986364e-05
AA65: =#REF! -> #REF! | AB65: =Z79 -> 1.4339338e-06 | AC65: =AA79 -> 348691.13 | AD65: =AC65/2 -> 174345.57 | AE65: =1/AC65 -> 2.8678676e-06 | AN65: 0.4 | AO65: =($AP$58*$AP$60*SQRT(1+4*AN65/$AP$60)-$AP$58*$AP$60)/($AP$59+AN65) -> 1.0526955e-05 | AX65: 5.2 | AY65: =($AV$6*AX65)/($AU$6+AX65)+AX65*$AW$6 -> 7.3184208e-06 | AZ65: =($AV$7*AX65)/($AU$7+AX65) -> 7.4035094e-06 | BA65: =($AZ$6*AX65)/($AY$6+AX65)+AX65*$BA$6 -> 2.0123977e-05
AA66: =H76 -> 3.09 | AB66: =Z80 -> 1.4339338e-06 | AC66: =AA80 -> 348691.13 | AD66: =AC66/2 -> 174345.57 | AE66: =1/AC66 -> 2.8678676e-06 | AN66: 0.5 | AO66: =($AP$58*$AP$60*SQRT(1+4*AN66/$AP$60)-$AP$58*$AP$60)/($AP$59+AN66) -> 1.1175648e-05 | AX66: 5.3 | AY66: =($AV$6*AX66)/($AU$6+AX66)+AX66*$AW$6 -> 7.342025e-06 | AZ66: =($AV$7*AX66)/($AU$7+AX66) -> 7.4200884e-06 | BA66: =($AZ$6*AX66)/($AY$6+AX66)+AX66*$BA$6 -> 2.0260436e-05
AA67: =L77 -> 0 | AB67: =Z81 -> 3.2491228e-07 | AC67: =AA81 -> 1538876.9 | AD67: =AC67/2 -> 769438.45 | AE67: =1/AC67 -> 6.4982456e-07 | AN67: 0.6 | AO67: =($AP$58*$AP$60*SQRT(1+4*AN67/$AP$60)-$AP$58*$AP$60)/($AP$59+AN67) -> 1.1623022e-05 | AX67: 5.4 | AY67: =($AV$6*AX67)/($AU$6+AX67)+AX67*$AW$6 -> 7.3652077e-06 | AZ67: =($AV$7*AX67)/($AU$7+AX67) -> 7.4361236e-06 | BA67: =($AZ$6*AX67)/($AY$6+AX67)+AX67*$BA$6 -> 2.0395795e-05
AA68: =L78 -> 0 | AB68: =Z82 -> 8.5994965e-07 | AC68: =AA82 -> 581429.39 | AD68: =AC68/2 -> 290714.7 | AE68: =1/AC68 -> 1.7198993e-06 | AN68: 0.7 | AO68: =($AP$58*$AP$60*SQRT(1+4*AN68/$AP$60)-$AP$58*$AP$60)/($AP$59+AN68) -> 1.1937608e-05 | AX68: 5.5 | AY68: =($AV$6*AX68)/($AU$6+AX68)+AX68*$AW$6 -> 7.3879895e-06 | AZ68: =($AV$7*AX68)/($AU$7+AX68) -> 7.4516415e-06 | BA68: =($AZ$6*AX68)/($AY$6+AX68)+AX68*$BA$6 -> 2.053011e-05
AN69: 0.8 | AO69: =($AP$58*$AP$60*SQRT(1+4*AN69/$AP$60)-$AP$58*$AP$60)/($AP$59+AN69) -> 1.2160661e-05 | AX69: 5.6 | AY69: =($AV$6*AX69)/($AU$6+AX69)+AX69*$AW$6 -> 7.41039e-06 | AZ69: =($AV$7*AX69)/($AU$7+AX69) -> 7.4666667e-06 | BA69: =($AZ$6*AX69)/($AY$6+AX69)+AX69*$BA$6 -> 2.0663429e-05
G70: T | H70: 4-Methoxybenzyl alcohol | I70: data23 | J70: data24 | K70: data25 | L70: data26 | M70: data26 | N70: data26 | O70: data26 | P70: data27 | Q70: data28 | R70: data29 | S70: data30 | T70: data38 | U70: data39 | V70: data31 | W70: data40 | X70: mean | Y70: s | Z70: s/2 | AA70: 1/s | AB70: s/2 large | AH70: Km | AI70: Vmax | AN70: 0.9 | AO70: =($AP$58*$AP$60*SQRT(1+4*AN70/$AP$60)-$AP$58*$AP$60)/($AP$59+AN70) -> 1.2318438e-05 | AX70: 5.7 | AY70: =($AV$6*AX70)/($AU$6+AX70)+AX70*$AW$6 -> 7.4324275e-06 | AZ70: =($AV$7*AX70)/($AU$7+AX70) -> 7.4812222e-06 | BA70: =($AZ$6*AX70)/($AY$6+AX70)+AX70*$BA$6 -> 2.0795798e-05
G71: =I104 -> 313.15 | H71: 2.06 | I71: =V104 -> 1.1652058e-05 | J71: =V108 -> 1.2196547e-05 | K71: =V112 -> 1.1654714e-05 | P71: =V121 -> 1.3009296e-05 | Q71: =V124 -> 1.3009296e-05 | X71: =(I71+J71+K71+Q71+P71)/5 -> 1.2304382e-05 | Y71: =SQRT(1/4*((I71-X71)^2+(J71-X71)^2+(K71-X71)^2+(Q71-X71)^2+(P71-X71)^2)) -> 6.8063026e-07 | Z71: =Y71/2 -> 3.4031513e-07 | AA71: =1/Y71 -> 1469226.5 | AB71: =$Z$74 -> 1.4339338e-06 | AH71: 0.1556 | AI71: 9.755e-05 | AN71: 1 | AO71: =($AP$58*$AP$60*SQRT(1+4*AN71/$AP$60)-$AP$58*$AP$60)/($AP$59+AN71) -> 1.2428398e-05 | AX71: 5.8 | AY71: =($AV$6*AX71)/($AU$6+AX71)+AX71*$AW$6 -> 7.454119e-06 | AZ71: =($AV$7*AX71)/($AU$7+AX71) -> 7.4953297e-06 | BA71: =($AZ$6*AX71)/($AY$6+AX71)+AX71*$BA$6 -> 2.0927262e-05
G72: =I105 -> 313.15 | H72: 4.13 | I72: =V105 -> 1.2106242e-05 | J72: =V109 -> 1.1654714e-05 | L72: =V116 -> 1.1250996e-05 | M72: =V117 -> 1.1498008e-05 | N72: =V118 -> 1.1513944e-05 | O72: =V119 -> 1.0594954e-05 | P72: =V123 -> 1.0298805e-05 | Q72: =V125 -> 1.3009296e-05 | X72: =(I72+J72+K72+L72+M72+N72+O72+P72+Q72)/9 -> 1.0214107e-05 | Y72: =SQRT(1/7*((I72-X72)^2+(J72-X72)^2+(L72-X72)^2+(M72-X72)^2+(N72-X72)^2+(O72-X72)^2+(P72-X72)^2+(Q72-X72)^2)) -> 1.605079e-06 | Z72: =Y72/2 -> 8.0253951e-07 | AA72: =1/Y72 -> 623022.29 | AB72: =$Z$74 -> 1.4339338e-06 | AG72: 95 conf | AH72: (0.06856, 0.2427) | AI72: (8.694e-005, 0.0001081) | AN72: 1.1 | AO72: =($AP$58*$AP$60*SQRT(1+4*AN72/$AP$60)-$AP$58*$AP$60)/($AP$59+AN72) -> 1.2502572e-05 | AX72: 5.9 | AY72: =($AV$6*AX72)/($AU$6+AX72)+AX72*$AW$6 -> 7.4754806e-06 | AZ72: =($AV$7*AX72)/($AU$7+AX72) -> 7.5090096e-06 | BA72: =($AZ$6*AX72)/($AY$6+AX72)+AX72*$BA$6 -> 2.1057862e-05
G73: =I106 -> 313.15 | H73: 6.19 | I73: =V106 -> 1.1003984e-05 | J73: =V110 -> 1.2196547e-05 | K73: =V114 -> 1.0840637e-05 | Q73: =V126 -> 1.1654714e-05 | X73: =(I73+J73+K73+Q73)/4 -> 1.1423971e-05 | Y73: =SQRT(1/3*((I73-X73)^2+(J73-X73)^2+(K73-X73)^2+(Q73-X73)^2)) -> 6.2364079e-07 | Z73: =Y73/2 -> 3.118204e-07 | AA73: =1/Y73 -> 1603487.2 | AB73: =$Z$74 -> 1.4339338e-06 | AN73: 1.2 | AO73: =($AP$58*$AP$60*SQRT(1+4*AN73/$AP$60)-$AP$58*$AP$60)/($AP$59+AN73) -> 1.2549496e-05 | AX73: 6 | AY73: =($AV$6*AX73)/($AU$6+AX73)+AX73*$AW$6 -> 7.4965274e-06 | AZ73: =($AV$7*AX73)/($AU$7+AX73) -> 7.5222811e-06 | BA73: =($AZ$6*AX73)/($AY$6+AX73)+AX73*$BA$6 -> 2.1187637e-05
G74: =I107 -> 313.15 | H74: 8.25 | I74: =V107 -> 7.9322709e-06 | J74: =V111 -> 9.7569721e-06 | Q74: =V127 -> 8.9442231e-06 | X74: =(I74+J74+K74+Q74)/4 -> 6.6583665e-06 | Y74: =SQRT(1/2*((I74-X74)^2+(J74-X74)^2+(Q74-X74)^2)) -> 2.8678676e-06 | Z74: =Y74/2 -> 1.4339338e-06 | AA74: =1/Y74 -> 348691.13 | AB74: =$Z$74 -> 1.4339338e-06 | AG74: sub | AH74: MM fit | AI74: Vmax | AJ74: 95% conf. | AN74: 1.3 | AO74: =($AP$58*$AP$60*SQRT(1+4*AN74/$AP$60)-$AP$58*$AP$60)/($AP$59+AN74) -> 1.2575372e-05 | AX74: 6.1 | AY74: =($AV$6*AX74)/($AU$6+AX74)+AX74*$AW$6 -> 7.5172735e-06 | AZ74: =($AV$7*AX74)/($AU$7+AX74) -> 7.5351622e-06 | BA74: =($AZ$6*AX74)/($AY$6+AX74)+AX74*$BA$6 -> 2.1316622e-05
G75: =I108 -> 313.15 | H75: =O120 -> 1.03 | P75: =V120 -> 1.1925631e-05 | X75: =P75 -> 1.1925631e-05 | Y75: =Y72 -> 1.605079e-06 | Z75: =Y75/2 -> 8.0253951e-07 | AA75: =1/Y75 -> 623022.29 | AB75: =$Z$74 -> 1.4339338e-06 | AG75: 0 | AH75: =($AI$71*AG75)/($AH$71+AG75) -> 0 | AI75: =$AI$71 -> 9.755e-05 | AJ75: 9.071e-05 | AK75: 0.0001012 | AN75: 1.4 | AO75: =($AP$58*$AP$60*SQRT(1+4*AN75/$AP$60)-$AP$58*$AP$60)/($AP$59+AN75) -> 1.2584803e-05 | AX75: 6.2 | AY75: =($AV$6*AX75)/($AU$6+AX75)+AX75*$AW$6 -> 7.5377323e-06 | AZ75: =($AV$7*AX75)/($AU$7+AX75) -> 7.5476698e-06 | BA75: =($AZ$6*AX75)/($AY$6+AX75)+AX75*$BA$6 -> 2.1444852e-05
G76: =I109 -> 313.15 | H76: =O122 -> 3.09 | P76: =V122 -> 1.2196547e-05 | X76: =P76 -> 1.2196547e-05 | Y76: =Y73 -> 6.2364079e-07 | Z76: =Y76/2 -> 3.118204e-07 | AA76: =1/Y76 -> 1603487.2 | AB76: =$Z$74 -> 1.4339338e-06 | AG76: 0.1 | AH76: =($AI$71*AG76)/($AH$71+AG76) -> 3.8165102e-05 | AI76: =$AI$71 -> 9.755e-05 | AJ76: 9.071e-05 | AK76: 0.0001012 | AN76: 1.5 | AO76: =($AP$58*$AP$60*SQRT(1+4*AN76/$AP$60)-$AP$58*$AP$60)/($AP$59+AN76) -> 1.2581268e-05 | AX76: 6.3 | AY76: =($AV$6*AX76)/($AU$6+AX76)+AX76*$AW$6 -> 7.5579162e-06 | AZ76: =($AV$7*AX76)/($AU$7+AX76) -> 7.55982e-06 | BA76: =($AZ$6*AX76)/($AY$6+AX76)+AX76*$BA$6 -> 2.1572359e-05
G77: =I110 -> 313.15 | H77: =O128 -> 0.38 | R77: =V128 -> 9.9442231e-06 | S77: =V135 -> 8.1088977e-06 | T77: =V137 -> 1.2393094e-05 | U77: =V142 -> 9.6387782e-06 | X77: =(R77+S77+T77+U77)/4 -> 1.0021248e-05 | Y77: =SQRT(1/3*((R77-X77)^2+(S77-X77)^2+(T77-X77)^2+(U77-X77)^2)) -> 1.7734105e-06 | Z77: =Y77/2 -> 8.8670524e-07 | AA77: =1/Y77 -> 563885.24 | AB77: =$Z$74 -> 1.4339338e-06 | AG77: 0.2 | AH77: =($AI$71*AG77)/($AH$71+AG77) -> 5.4865017e-05 | AI77: =$AI$71 -> 9.755e-05 | AJ77: 9.071e-05 | AK77: 0.0001012 | AN77: 1.6 | AO77: =($AP$58*$AP$60*SQRT(1+4*AN77/$AP$60)-$AP$58*$AP$60)/($AP$59+AN77) -> 1.2567432e-05 | AX77: 6.4 | AY77: =($AV$6*AX77)/($AU$6+AX77)+AX77*$AW$6 -> 7.5778372e-06 | AZ77: =($AV$7*AX77)/($AU$7+AX77) -> 7.5716278e-06 | BA77: =($AZ$6*AX77)/($AY$6+AX77)+AX77*$BA$6 -> 2.1699174e-05
G78: =I111 -> 313.15 | H78: =O129 -> 0.76 | R78: =V129 -> 1.2086321e-05 | X78: =R78 -> 1.2086321e-05 | Y78: =Y74 -> 2.8678676e-06 | Z78: =Y78/2 -> 1.4339338e-06 | AA78: =1/Y78 -> 348691.13 | AB78: =$Z$74 -> 1.4339338e-06 | AG78: 0.3 | AH78: =($AI$71*AG78)/($AH$71+AG78) -> 6.4233977e-05 | AI78: =$AI$71 -> 9.755e-05 | AJ78: 9.071e-05 | AK78: 0.0001012 | AN78: 1.7 | AO78: =($AP$58*$AP$60*SQRT(1+4*AN78/$AP$60)-$AP$58*$AP$60)/($AP$59+AN78) -> 1.2545366e-05 | AX78: 6.5 | AY78: =($AV$6*AX78)/($AU$6+AX78)+AX78*$AW$6 -> 7.5975063e-06 | AZ78: =($AV$7*AX78)/($AU$7+AX78) -> 7.5831076e-06 | BA78: =($AZ$6*AX78)/($AY$6+AX78)+AX78*$BA$6 -> 2.1825326e-05
G79: =I112 -> 313.15 | H79: =O130 -> 1.15 | R79: =V130 -> 1.2545817e-05 | X79: =R79 -> 1.2545817e-05 | Y79: =Y74 -> 2.8678676e-06 | Z79: =Y79/2 -> 1.4339338e-06 | AA79: =1/Y79 -> 348691.13 | AB79: =$Z$74 -> 1.4339338e-06 | AG79: 0.4 | AH79: =($AI$71*AG79)/($AH$71+AG79) -> 7.0230382e-05 | AI79: =$AI$71 -> 9.755e-05 | AJ79: 9.071e-05 | AK79: 0.0001012 | AN79: 1.8 | AO79: =($AP$58*$AP$60*SQRT(1+4*AN79/$AP$60)-$AP$58*$AP$60)/($AP$59+AN79) -> 1.25167e-05 | AX79: 6.6 | AY79: =($AV$6*AX79)/($AU$6+AX79)+AX79*$AW$6 -> 7.6169342e-06 | AZ79: =($AV$7*AX79)/($AU$7+AX79) -> 7.5942728e-06 | BA79: =($AZ$6*AX79)/($AY$6+AX79)+AX79*$BA$6 -> 2.1950841e-05
G80: =I113 -> 313.15 | H80: =O131 -> 1.53 | R80: =V131 -> 1.2851262e-05 | X80: =R80 -> 1.2851262e-05 | Y80: =Y74 -> 2.8678676e-06 | Z80: =Y80/2 -> 1.4339338e-06 | AA80: =1/Y80 -> 348691.13 | AB80: =$Z$74 -> 1.4339338e-06 | AG80: 0.5 | AH80: =($AI$71*AG80)/($AH$71+AG80) -> 7.4397498e-05 | AI80: =$AI$71 -> 9.755e-05 | AJ80: 9.071e-05 | AK80: 0.0001012 | AN80: 1.9 | AO80: =($AP$58*$AP$60*SQRT(1+4*AN80/$AP$60)-$AP$58*$AP$60)/($AP$59+AN80) -> 1.2482725e-05 | AX80: 6.7 | AY80: =($AV$6*AX80)/($AU$6+AX80)+AX80*$AW$6 -> 7.6361307e-06 | AZ80: =($AV$7*AX80)/($AU$7+AX80) -> 7.6051362e-06 | BA80: =($AZ$6*AX80)/($AY$6+AX80)+AX80*$BA$6 -> 2.2075746e-05
G81: =I114 -> 313.15 | H81: =O132 -> 0.095 | S81: =V132 -> 4.7423639e-06 | U81: =V139 -> 5.6613546e-06 | X81: =(S81+U81)/2 -> 5.2018592e-06 | Y81: =SQRT(1/1*((S81-X81)^2+(U81-X81)^2)) -> 6.4982456e-07 | Z81: =Y81/2 -> 3.2491228e-07 | AA81: =1/Y81 -> 1538876.9 | AB81: =$Z$74 -> 1.4339338e-06 | AG81: 0.6 | AH81: =($AI$71*AG81)/($AH$71+AG81) -> 7.746162e-05 | AI81: =$AI$71 -> 9.755e-05 | AJ81: 9.071e-05 | AK81: 0.0001012 | AN81: 2 | AO81: =($AP$58*$AP$60*SQRT(1+4*AN81/$AP$60)-$AP$58*$AP$60)/($AP$59+AN81) -> 1.2444479e-05 | AX81: 6.8 | AY81: =($AV$6*AX81)/($AU$6+AX81)+AX81*$AW$6 -> 7.6551054e-06 | AZ81: =($AV$7*AX81)/($AU$7+AX81) -> 7.6157098e-06 | BA81: =($AZ$6*AX81)/($AY$6+AX81)+AX81*$BA$6 -> 2.2200066e-05
G82: =I115 -> 313.15 | H82: =O133 -> 0.191 | S82: =V133 -> 7.6494024e-06 | T82: =V136 -> 1.1015936e-05 | U82: =V140 -> 8.7211155e-06 | X82: =(S82+T82+U82)/3 -> 9.1288181e-06 | Y82: =SQRT(1/2*((S82-X82)^2+(U82-X82)^2+(T82-X82)^2)) -> 1.7198993e-06 | Z82: =Y82/2 -> 8.5994965e-07 | AA82: =1/Y82 -> 581429.39 | AB82: =$Z$74 -> 1.4339338e-06 | AG82: 0.7 | AH82: =($AI$71*AG82)/($AH$71+AG82) -> 7.980949e-05 | AI82: =$AI$71 -> 9.755e-05 | AJ82: 9.071e-05 | AK82: 0.0001012 | AN82: 2.1 | AO82: =($AP$58*$AP$60*SQRT(1+4*AN82/$AP$60)-$AP$58*$AP$60)/($AP$59+AN82) -> 1.2402797e-05 | AX82: 6.9 | AY82: =($AV$6*AX82)/($AU$6+AX82)+AX82*$AW$6 -> 7.673867e-06 | AZ82: =($AV$7*AX82)/($AU$7+AX82) -> 7.6260051e-06 | BA82: =($AZ$6*AX82)/($AY$6+AX82)+AX82*$BA$6 -> 2.2323822e-05
G83: =I116 -> 313.15 | H83: =O134 -> 0.286 | S83: =V134 -> 8.5683931e-06 | U83: =V141 -> 9.4860558e-06 | X83: =(S83+U83)/2 -> 9.0272244e-06 | Y83: =SQRT(1/1*((S83-X83)^2+(U83-X83)^2)) -> 6.4888551e-07 | Z83: =Y83/2 -> 3.2444275e-07 | AA83: =1/Y83 -> 1541103.9 | AB83: =$Z$74 -> 1.4339338e-06 | AG83: 0.8 | AH83: =($AI$71*AG83)/($AH$71+AG83) -> 8.1665969e-05 | AI83: =$AI$71 -> 9.755e-05 | AJ83: 9.071e-05 | AK83: 0.0001012 | AN83: 2.2 | AO83: =($AP$58*$AP$60*SQRT(1+4*AN83/$AP$60)-$AP$58*$AP$60)/($AP$59+AN83) -> 1.235836e-05 | AX83: 7 | AY83: =($AV$6*AX83)/($AU$6+AX83)+AX83*$AW$6 -> 7.6924241e-06 | AZ83: =($AV$7*AX83)/($AU$7+AX83) -> 7.636033e-06 | BA83: =($AZ$6*AX83)/($AY$6+AX83)+AX83*$BA$6 -> 2.2447037e-05
G84: =I117 -> 313.15 | H84: =O138 -> 0.57 | T84: =V138 -> 1.2851262e-05 | X84: =T84 -> 1.2851262e-05 | Y84: =Y74 -> 2.8678676e-06 | Z84: =Y84/2 -> 1.4339338e-06 | AA84: =1/Y84 -> 348691.13 | AB84: =$Z$74 -> 1.4339338e-06 | AG84: 0.9 | AH84: =($AI$71*AG84)/($AH$71+AG84) -> 8.3170709e-05 | AI84: =$AI$71 -> 9.755e-05 | AJ84: 9.071e-05 | AK84: 0.0001012 | AN84: 2.3 | AO84: =($AP$58*$AP$60*SQRT(1+4*AN84/$AP$60)-$AP$58*$AP$60)/($AP$59+AN84) -> 1.2311724e-05 | AX84: 7.1 | AY84: =($AV$6*AX84)/($AU$6+AX84)+AX84*$AW$6 -> 7.7107847e-06 | AZ84: =($AV$7*AX84)/($AU$7+AX84) -> 7.6458037e-06 | BA84: =($AZ$6*AX84)/($AY$6+AX84)+AX84*$BA$6 -> 2.2569732e-05
G85: =I147 -> 308.15 | H85: =O147 -> 0.095 | V85: =V147 -> 3.3041169e-06 | X85: =V85 -> 3.3041169e-06 | Y85: =$Y$79 -> 2.8678676e-06 | Z85: =Y85/2 -> 1.4339338e-06 | AA85: =1/Y85 -> 348691.13 | AG85: 1 | AH85: =($AI$71*AG85)/($AH$71+AG85) -> 8.4415022e-05 | AI85: =$AI$71 -> 9.755e-05 | AJ85: 9.071e-05 | AK85: 0.0001012 | AN85: 2.4 | AO85: =($AP$58*$AP$60*SQRT(1+4*AN85/$AP$60)-$AP$58*$AP$60)/($AP$59+AN85) -> 1.2263347e-05 | AX85: 7.2 | AY85: =($AV$6*AX85)/($AU$6+AX85)+AX85*$AW$6 -> 7.7289563e-06 | AZ85: =($AV$7*AX85)/($AU$7+AX85) -> 7.655327e-06 | BA85: =($AZ$6*AX85)/($AY$6+AX85)+AX85*$BA$6 -> 2.2691926e-05
G86: =I148 -> 308.15 | H86: =O148 -> 0.191 | V86: =V148 -> 5.2629482e-06 | X86: =V86 -> 5.2629482e-06 | Y86: =$Y$79 -> 2.8678676e-06 | Z86: =Y86/2 -> 1.4339338e-06 | AA86: =1/Y86 -> 348691.13 | AG86: 1.1 | AH86: =($AI$71*AG86)/($AH$71+AG86) -> 8.5461134e-05 | AI86: =$AI$71 -> 9.755e-05 | AJ86: 9.071e-05 | AK86: 0.0001012 | AN86: 2.5 | AO86: =($AP$58*$AP$60*SQRT(1+4*AN86/$AP$60)-$AP$58*$AP$60)/($AP$59+AN86) -> 1.2213607e-05 | AX86: 7.3 | AY86: =($AV$6*AX86)/($AU$6+AX86)+AX86*$AW$6 -> 7.7469461e-06 | AZ86: =($AV$7*AX86)/($AU$7+AX86) -> 7.6646121e-06 | BA86: =($AZ$6*AX86)/($AY$6+AX86)+AX86*$BA$6 -> 2.2813639e-05
G87: =I149 -> 308.15 | H87: =O149 -> 0.286 | V87: =V149 -> 5.2629482e-06 | X87: =V87 -> 5.2629482e-06 | Y87: =$Y$79 -> 2.8678676e-06 | Z87: =Y87/2 -> 1.4339338e-06 | AA87: =1/Y87 -> 348691.13 | AG87: 1.2 | AH87: =($AI$71*AG87)/($AH$71+AG87) -> 8.6352906e-05 | AI87: =$AI$71 -> 9.755e-05 | AJ87: 9.071e-05 | AK87: 0.0001012 | AN87: 2.6 | AO87: =($AP$58*$AP$60*SQRT(1+4*AN87/$AP$60)-$AP$58*$AP$60)/($AP$59+AN87) -> 1.2162818e-05 | AX87: 7.4 | AY87: =($AV$6*AX87)/($AU$6+AX87)+AX87*$AW$6 -> 7.764761e-06 | AZ87: =($AV$7*AX87)/($AU$7+AX87) -> 7.673668e-06 | BA87: =($AZ$6*AX87)/($AY$6+AX87)+AX87*$BA$6 -> 2.2934888e-05
G88: =I150 -> 308.15 | H88: =O150 -> 0.381 | V88: =V150 -> 6.3652058e-06 | X88: =V88 -> 6.3652058e-06 | Y88: =$Y$79 -> 2.8678676e-06 | Z88: =Y88/2 -> 1.4339338e-06 | AA88: =1/Y88 -> 348691.13 | AG88: 1.3 | AH88: =($AI$71*AG88)/($AH$71+AG88) -> 8.7122149e-05 | AI88: =$AI$71 -> 9.755e-05 | AJ88: 9.071e-05 | AK88: 0.0001012 | AN88: 2.7 | AO88: =($AP$58*$AP$60*SQRT(1+4*AN88/$AP$60)-$AP$58*$AP$60)/($AP$59+AN88) -> 1.2111242e-05 | AX88: 7.5 | AY88: =($AV$6*AX88)/($AU$6+AX88)+AX88*$AW$6 -> 7.7824075e-06 | AZ88: =($AV$7*AX88)/($AU$7+AX88) -> 7.6825029e-06 | BA88: =($AZ$6*AX88)/($AY$6+AX88)+AX88*$BA$6 -> 2.3055689e-05
G89: =I143 -> 298.15 | H89: =O143 -> 0.048 | W89: =V143 -> 7.3439575e-07 | X89: =W89 -> 7.3439575e-07 | Y89: =$Y$79 -> 2.8678676e-06 | Z89: =Y89/2 -> 1.4339338e-06 | AA89: =1/Y89 -> 348691.13 | AG89: 1.4 | AH89: =($AI$71*AG89)/($AH$71+AG89) -> 8.7792492e-05 | AI89: =$AI$71 -> 9.755e-05 | AJ89: 9.071e-05 | AK89: 0.0001012 | AN89: 2.8 | AO89: =($AP$58*$AP$60*SQRT(1+4*AN89/$AP$60)-$AP$58*$AP$60)/($AP$59+AN89) -> 1.2059096e-05 | AX89: 7.6 | AY89: =($AV$6*AX89)/($AU$6+AX89)+AX89*$AW$6 -> 7.7998918e-06 | AZ89: =($AV$7*AX89)/($AU$7+AX89) -> 7.6911249e-06 | BA89: =($AZ$6*AX89)/($AY$6+AX89)+AX89*$BA$6 -> 2.317606e-05
G90: =I144 -> 298.15 | H90: =O144 -> 0.095 | W90: =V144 -> 9.5099602e-07 | X90: =W90 -> 9.5099602e-07 | Y90: =$Y$79 -> 2.8678676e-06 | Z90: =Y90/2 -> 1.4339338e-06 | AA90: =1/Y90 -> 348691.13 | AG90: 1.5 | AH90: =($AI$71*AG90)/($AH$71+AG90) -> 8.8381856e-05 | AI90: =$AI$71 -> 9.755e-05 | AJ90: 9.071e-05 | AK90: 0.0001012 | AN90: 2.9 | AO90: =($AP$58*$AP$60*SQRT(1+4*AN90/$AP$60)-$AP$58*$AP$60)/($AP$59+AN90) -> 1.2006565e-05 | AX90: 7.7 | AY90: =($AV$6*AX90)/($AU$6+AX90)+AX90*$AW$6 -> 7.8172197e-06 | AZ90: =($AV$7*AX90)/($AU$7+AX90) -> 7.6995416e-06 | BA90: =($AZ$6*AX90)/($AY$6+AX90)+AX90*$BA$6 -> 2.3296015e-05
G91: =I145 -> 298.15 | H91: =O145 -> 0.143 | W91: =V145 -> 1.9495352e-06 | X91: =W91 -> 1.9495352e-06 | Y91: =$Y$79 -> 2.8678676e-06 | Z91: =Y91/2 -> 1.4339338e-06 | AA91: =1/Y91 -> 348691.13 | AG91: 1.6 | AH91: =($AI$71*AG91)/($AH$71+AG91) -> 8.8904078e-05 | AI91: =$AI$71 -> 9.755e-05 | AJ91: 9.071e-05 | AK91: 0.0001012 | AN91: 3 | AO91: =($AP$58*$AP$60*SQRT(1+4*AN91/$AP$60)-$AP$58*$AP$60)/($AP$59+AN91) -> 1.19538e-05 | AX91: 7.8 | AY91: =($AV$6*AX91)/($AU$6+AX91)+AX91*$AW$6 -> 7.8343969e-06 | AZ91: =($AV$7*AX91)/($AU$7+AX91) -> 7.7077602e-06 | BA91: =($AZ$6*AX91)/($AY$6+AX91)+AX91*$BA$6 -> 2.341557e-05
G92: =I146 -> 298.15 | H92: =O146 -> 0.191 | W92: =V146 -> 2.062417e-06 | X92: =W92 -> 2.062417e-06 | Y92: =$Y$79 -> 2.8678676e-06 | Z92: =Y92/2 -> 1.4339338e-06 | AA92: =1/Y92 -> 348691.13 | AG92: 1.7 | AH92: =($AI$71*AG92)/($AH$71+AG92) -> 8.9370015e-05 | AI92: =$AI$71 -> 9.755e-05 | AJ92: 9.071e-05 | AK92: 0.0001012 | AN92: 3.1 | AO92: =($AP$58*$AP$60*SQRT(1+4*AN92/$AP$60)-$AP$58*$AP$60)/($AP$59+AN92) -> 1.1900931e-05 | AX92: 7.9 | AY92: =($AV$6*AX92)/($AU$6+AX92)+AX92*$AW$6 -> 7.8514287e-06 | AZ92: =($AV$7*AX92)/($AU$7+AX92) -> 7.7157876e-06 | BA92: =($AZ$6*AX92)/($AY$6+AX92)+AX92*$BA$6 -> 2.3534738e-05
AG93: 1.8 | AH93: =($AI$71*AG93)/($AH$71+AG93) -> 8.97883e-05 | AI93: =$AI$71 -> 9.755e-05 | AJ93: 9.071e-05 | AK93: 0.0001012 | AN93: 3.2 | AO93: =($AP$58*$AP$60*SQRT(1+4*AN93/$AP$60)-$AP$58*$AP$60)/($AP$59+AN93) -> 1.1848065e-05 | AX93: 8 | AY93: =($AV$6*AX93)/($AU$6+AX93)+AX93*$AW$6 -> 7.8683202e-06 | AZ93: =($AV$7*AX93)/($AU$7+AX93) -> 7.7236305e-06 | BA93: =($AZ$6*AX93)/($AY$6+AX93)+AX93*$BA$6 -> 2.3653532e-05
AG94: 1.9 | AH94: =($AI$71*AG94)/($AH$71+AG94) -> 9.0165888e-05 | AI94: =$AI$71 -> 9.755e-05 | AJ94: 9.071e-05 | AK94: 0.0001012 | AN94: 3.3 | AO94: =($AP$58*$AP$60*SQRT(1+4*AN94/$AP$60)-$AP$58*$AP$60)/($AP$59+AN94) -> 1.1795296e-05 | AX94: 8.1 | AY94: =($AV$6*AX94)/($AU$6+AX94)+AX94*$AW$6 -> 7.8850762e-06 | AZ94: =($AV$7*AX94)/($AU$7+AX94) -> 7.7312951e-06 | BA94: =($AZ$6*AX94)/($AY$6+AX94)+AX94*$BA$6 -> 2.3771965e-05
AG95: 2 | AH95: =($AI$71*AG95)/($AH$71+AG95) -> 9.0508443e-05 | AI95: =$AI$71 -> 9.755e-05 | AJ95: 9.071e-05 | AK95: 0.0001012 | AN95: 3.4 | AO95: =($AP$58*$AP$60*SQRT(1+4*AN95/$AP$60)-$AP$58*$AP$60)/($AP$59+AN95) -> 1.1742697e-05 | AX95: 8.2 | AY95: =($AV$6*AX95)/($AU$6+AX95)+AX95*$AW$6 -> 7.9017014e-06 | AZ95: =($AV$7*AX95)/($AU$7+AX95) -> 7.7387874e-06 | BA95: =($AZ$6*AX95)/($AY$6+AX95)+AX95*$BA$6 -> 2.389005e-05
AG96: 2.1 | AH96: =($AI$71*AG96)/($AH$71+AG96) -> 9.0820624e-05 | AI96: =$AI$71 -> 9.755e-05 | AJ96: 9.071e-05 | AK96: 0.0001012 | AN96: 3.5 | AO96: =($AP$58*$AP$60*SQRT(1+4*AN96/$AP$60)-$AP$58*$AP$60)/($AP$59+AN96) -> 1.1690335e-05 | AX96: 8.3 | AY96: =($AV$6*AX96)/($AU$6+AX96)+AX96*$AW$6 -> 7.9182003e-06 | AZ96: =($AV$7*AX96)/($AU$7+AX96) -> 7.7461132e-06 | BA96: =($AZ$6*AX96)/($AY$6+AX96)+AX96*$BA$6 -> 2.4007797e-05
AG97: 2.2 | AH97: =($AI$71*AG97)/($AH$71+AG97) -> 9.11063e-05 | AI97: =$AI$71 -> 9.755e-05 | AJ97: 9.071e-05 | AK97: 0.0001012 | AN97: 3.6 | AO97: =($AP$58*$AP$60*SQRT(1+4*AN97/$AP$60)-$AP$58*$AP$60)/($AP$59+AN97) -> 1.1638264e-05 | AX97: 8.4 | AY97: =($AV$6*AX97)/($AU$6+AX97)+AX97*$AW$6 -> 7.9345769e-06 | AZ97: =($AV$7*AX97)/($AU$7+AX97) -> 7.753278e-06 | BA97: =($AZ$6*AX97)/($AY$6+AX97)+AX97*$BA$6 -> 2.4125219e-05
AG98: 2.3 | AH98: =($AI$71*AG98)/($AH$71+AG98) -> 9.1368708e-05 | AI98: =$AI$71 -> 9.755e-05 | AJ98: 9.071e-05 | AK98: 0.0001012 | AN98: 3.7 | AO98: =($AP$58*$AP$60*SQRT(1+4*AN98/$AP$60)-$AP$58*$AP$60)/($AP$59+AN98) -> 1.1586527e-05 | AX98: 8.5 | AY98: =($AV$6*AX98)/($AU$6+AX98)+AX98*$AW$6 -> 7.9508354e-06 | AZ98: =($AV$7*AX98)/($AU$7+AX98) -> 7.760287e-06 | BA98: =($AZ$6*AX98)/($AY$6+AX98)+AX98*$BA$6 -> 2.4242325e-05
AG99: 2.4 | AH99: =($AI$71*AG99)/($AH$71+AG99) -> 9.1610581e-05 | AI99: =$AI$71 -> 9.755e-05 | AJ99: 9.071e-05 | AK99: 0.0001012 | AN99: 3.8 | AO99: =($AP$58*$AP$60*SQRT(1+4*AN99/$AP$60)-$AP$58*$AP$60)/($AP$59+AN99) -> 1.1535163e-05 | AX99: 8.6 | AY99: =($AV$6*AX99)/($AU$6+AX99)+AX99*$AW$6 -> 7.9669797e-06 | AZ99: =($AV$7*AX99)/($AU$7+AX99) -> 7.7671452e-06 | BA99: =($AZ$6*AX99)/($AY$6+AX99)+AX99*$BA$6 -> 2.4359126e-05
AG100: 2.5 | AH100: =($AI$71*AG100)/($AH$71+AG100) -> 9.1834237e-05 | AI100: =$AI$71 -> 9.755e-05 | AJ100: 9.071e-05 | AK100: 0.0001012 | AN100: 3.9 | AO100: =($AP$58*$AP$60*SQRT(1+4*AN100/$AP$60)-$AP$58*$AP$60)/($AP$59+AN100) -> 1.1484203e-05 | AX100: 8.7 | AY100: =($AV$6*AX100)/($AU$6+AX100)+AX100*$AW$6 -> 7.9830134e-06 | AZ100: =($AV$7*AX100)/($AU$7+AX100) -> 7.7738575e-06 | BA100: =($AZ$6*AX100)/($AY$6+AX100)+AX100*$BA$6 -> 2.4475632e-05
...

Sheet Sheet2
A1: B1=631G(d) B2=631+G(d) B3=631+G(d,p) B4=6311+G(2d,p) B5=6311+G(2df,2p)
A2: M05/B2 | B2: M05/B2 | C2: M05/B3 | D2: M05/B3 S^2 | E2: M05/B4 | F2: M05/B4 S^2 | G2: M05/B5 | H2: M05/B5 S^2 | I2: M05/B2 UAKS | J2: M05/B2 BONDI | K2: M05/B1 BONDI | L2: M05/B2 PAULING | M2: M05 v (1/cm) | N2: M05 ZPVE(corr) | O2: M05 H(corr) | P2: M05 G(corr) | Q2: M05 -TS(corr) | R2: M05/B2 Ee+ZPVE (kCal/mol) | S2: M05/B3 Ee+ZPVE (kCal/mol) | T2: M05/B5 Ee+ZPVE (kCal/mol) | U2: M05/B5 H (kCal/mol) | V2: M05/B5 G (kCal/mol) | W2: M05/B5 G+UAKS/B2 (kCal/mol) | X2: M05/B5 G+Bondi/B2 (kCal/mol) | Y2: M05/B5 G+Bondi/B1 (kCal/mol) | Z2: M05/B4 G+Bondi/B1 (kCal/mol) | AA2: M05/B3 G+Bondi/B1 (kCal/mol) | AB2: M05/B5 G+Pauling/B2 (kCal/mol) | AH2: DGb_TS1 | AI2: DGa_TS1 | AJ2: (DGb+Dga)_TS1 | AK2: AD(DGa) | AL2: AD(exp) | AN2: DGb_TS1(-) | AO2: DGa_TS1(-) | AP2: (DGb+Dga)_TS1(-) | AQ2: AD(DGa) | AR2: DGb_TS1(Na) | AS2: DGa_TS1(NA) | AT2: (DGb+Dga)_TS1(Na) | AU2: AD(DGa)
A3: BnOH | B3: -346.53391 | C3: -346.54976 | E3: -346.60331 | G3: -346.61532 | I3: -6.93 | J3: -5.05 | K3: -4.23 | L3: -4.4 | N3: 0.13431 | O3: 0.142321 | P3: 0.102271 | Q3: =O3-P3 -> 0.04005 | R3: =((B3+N3)*$BJ$3*$BJ$4*10^-3)/$BJ$5 -> -217368.96 | S3: =((C3+N3)*$BJ$3*$BJ$4*10^-3)/$BJ$5 -> -217378.91 | T3: =((G3+N3)*$BJ$3*$BJ$4*10^-3)/$BJ$5 -> -217420.05 | U3: =((G3+N3)*$BJ$3*$BJ$4*10^-3)/$BJ$5 -> -217420.05 | V3: =((G3+P3)*$BJ$3*$BJ$4*10^-3)/$BJ$5 -> -217440.15 | W3: =((G3+P3)*$BJ$3*$BJ$4*10^-3)/$BJ$5+I3 -> -217447.08 | X3: =((G3+P3)*$BJ$3*$BJ$4*10^-3)/$BJ$5+J3 -> -217445.2 | AB3: =((G3+P3)*$BJ$3*$BJ$4*10^-3)/$BJ$5+L3 -> -217444.55 | AF3: BS-U/RB3LYP | AG3: B3//B2 | AH3: =S93-(S81+S83)-2.3 -> 1.8916058 | AI3: =S91-(S93)-0.6 -> 31.251637 | AJ3: =AH3+AI3 -> 33.143243 | AL3: =ABS($AJ$29-AJ3) -> 3.4432427 | AZ3: structure | BA3: kCal/mol | BB3: S**2 | BC3: x | BD3: BS-UDFT corrected | BI3: Hartree (J/particle) | BJ3: 4.3597439e-18
A4: ONIOM/B2 BnOH | B4: -115.61156 | C4: -346.54908 | E4: -346.6028 | G4: -346.61467 | I4: -7.02 | J4: -5.38 | K4: -4.54 | L4: -4.48 | N4: 0.132396 | O4: 0.140518 | P4: 0.099673 | Q4: =O4-P4 -> 0.040845 | R4: =((B4+N4)*$BJ$3*$BJ$4*10^-3)/$BJ$5 -> -72464.249 | S4: =((C4+N4)*$BJ$3*$BJ$4*10^-3)/$BJ$5 -> -217379.69 | T4: =((G4+N4)*$BJ$3*$BJ$4*10^-3)/$BJ$5 -> -217420.85 | U4: =((G4+N4)*$BJ$3*$BJ$4*10^-3)/$BJ$5 -> -217420.85 | V4: =((G4+P4)*$BJ$3*$BJ$4*10^-3)/$BJ$5 -> -217441.38 | W4: =((G4+P4)*$BJ$3*$BJ$4*10^-3)/$BJ$5+I4 -> -217448.4 | X4: =((G4+P4)*$BJ$3*$BJ$4*10^-3)/$BJ$5+J4 -> -217446.76 | Y4: =((G4+P4)*$BJ$3*$BJ$4*10^-3)/$BJ$5+K4 -> -217445.92 | Z4: =((E4+P4)*$BJ$3*$BJ$4*10^-3)/$BJ$5+K4 -> -217438.47 | AA4: =((C4+P4)*$BJ$3*$BJ$4*10^-3)/$BJ$5+K4 -> -217404.76 | AB4: =((G4+P4)*$BJ$3*$BJ$4*10^-3)/$BJ$5+L4 -> -217445.86 | AF4: AP-U/RB3LYP | AG4: B3//B2 | AH4: =S93-(S81+S83)-2.3 -> 1.8916058 | AI4: =-312722.33-(S93)-0.6 -> 25.35398 | AJ4: =AH4+AI4 -> 27.245585 | AL4: =ABS($AJ$29-AJ4) -> 2.4544145 | AZ4: BS-UDFT singlet | BA4: =X40 -> -414294.45 | BB4: =H40 -> 0.6847 | BC4: =(BB4-BB6)/(BB5-BB4) -> 0.52056565 | BD4: =BA4+BC4*(BA4-BA5) -> -414300.37 | BI4: Na (1/mol) | BJ4: 6.02214e+23
A5: ONIOM/B1 BnOH | C5: -346.54911 | E5: -346.60286 | G5: -346.61473 | I5: -7 | J5: -5.3 | K5: -4.49 | L5: -4.31 | N5: 0.132564 | O5: 0.140666 | P5: 0.100018 | Q5: =O5-P5 -> 0.040648 | R5: =((B5+N5)*$BJ$3*$BJ$4*10^-3)/$BJ$5 -> 83.18514 | S5: =((C5+N5)*$BJ$3*$BJ$4*10^-3)/$BJ$5 -> -217379.6 | T5: =((G5+N5)*$BJ$3*$BJ$4*10^-3)/$BJ$5 -> -217420.78 | U5: =((G5+N5)*$BJ$3*$BJ$4*10^-3)/$BJ$5 -> -217420.78 | V5: =((G5+P5)*$BJ$3*$BJ$4*10^-3)/$BJ$5 -> -217441.2 | W5: =((G5+P5)*$BJ$3*$BJ$4*10^-3)/$BJ$5+I5 -> -217448.2 | X5: =((G5+P5)*$BJ$3*$BJ$4*10^-3)/$BJ$5+J5 -> -217446.5 | Y5: =((G5+P5)*$BJ$3*$BJ$4*10^-3)/$BJ$5+K5 -> -217445.69 | Z5: =((E5+P5)*$BJ$3*$BJ$4*10^-3)/$BJ$5+K5 -> -217438.24 | AA5: =((C5+P5)*$BJ$3*$BJ$4*10^-3)/$BJ$5+K5 -> -217404.51 | AB5: =((G5+P5)*$BJ$3*$BJ$4*10^-3)/$BJ$5+L5 -> -217445.51 | AF5: BS-U/RB3LYP | AG5: B3//B2 + Bondi/B2 | AH5: =U93-(U81+U83)-2.3 -> 8.9316058 | AI5: =U91-U93-0.6 -> 23.481637 | AJ5: =AH5+AI5 -> 32.413243 | AL5: =ABS($AJ$29-AJ5) -> 2.7132427 | AZ5: UDFT triplet | BA5: =X41 -> -414283.09 | BB5: 2 | BD5: DIF kCal/mol | BI5: joul/cal | BJ5: 4.184
A6: MeOBnOH | B6: -461.00187 | C6: -461.0201 | G6: -461.11334 | I6: -8.37 | J6: -6.77 | L6: -4.42 | N6: 0.167382 | O6: 0.177962 | P6: 0.13172 | Q6: =O6-P6 -> 0.046242 | R6: =((B6+N6)*$BJ$3*$BJ$4*10^-3)/$BJ$5 -> -289177.92 | S6: =((C6+N6)*$BJ$3*$BJ$4*10^-3)/$BJ$5 -> -289189.36 | T6: =((G6+N6)*$BJ$3*$BJ$4*10^-3)/$BJ$5 -> -289247.87 | U6: =((G6+N6)*$BJ$3*$BJ$4*10^-3)/$BJ$5 -> -289247.87 | V6: =((G6+P6)*$BJ$3*$BJ$4*10^-3)/$BJ$5 -> -289270.25 | W6: =((G6+P6)*$BJ$3*$BJ$4*10^-3)/$BJ$5+I6 -> -289278.62 | X6: =((G6+P6)*$BJ$3*$BJ$4*10^-3)/$BJ$5+J6 -> -289277.02 | AB6: =((G6+P6)*$BJ$3*$BJ$4*10^-3)/$BJ$5+L6 -> -289274.67 | AF6: AP-U/RB3LYP | AG6: B3//B2 + UAKS/B2 | AH6: =T93-(T81+T83)-2.3 -> 11.251606 | AI6: =-312736.8-T93-0.6 -> 20.50398 | AJ6: =AH6+AI6 -> 31.755585 | AL6: =ABS($AJ$29-AJ6) -> 2.0555855 | AZ6: exat singlet | BB6: 0 | BD6: =(BA4-BD4) -> 5.9150964
A7: HO2(-) | B7: -150.87592 | C7: -150.88124 | E7: -150.91665 | G7: -150.92076 | J7: -89.26 | K7: -96.33 | N7: 0.013388 | O7: 0.017244 | P7: -0.008346 | Q7: =O7-P7 -> 0.02559 | R7: =((B7+N7)*$BJ$3*$BJ$4*10^-3)/$BJ$5 -> -94667.638 | S7: =((C7+N7)*$BJ$3*$BJ$4*10^-3)/$BJ$5 -> -94670.981 | T7: =((G7+N7)*$BJ$3*$BJ$4*10^-3)/$BJ$5 -> -94695.778 | U7: =((G7+N7)*$BJ$3*$BJ$4*10^-3)/$BJ$5 -> -94695.778 | V7: =((G7+P7)*$BJ$3*$BJ$4*10^-3)/$BJ$5 -> -94709.416 | W7: =((G7+P7)*$BJ$3*$BJ$4*10^-3)/$BJ$5+I7 -> -94709.416 | X7: =((G7+P7)*$BJ$3*$BJ$4*10^-3)/$BJ$5+J7 -> -94798.676 | Y7: =((G7+P7)*$BJ$3*$BJ$4*10^-3)/$BJ$5+K7 -> -94805.746 | Z7: =((E7+P7)*$BJ$3*$BJ$4*10^-3)/$BJ$5+K7 -> -94803.164 | AA7: =((C7+P7)*$BJ$3*$BJ$4*10^-3)/$BJ$5+K7 -> -94780.949 | AB7: =((G7+P7)*$BJ$3*$BJ$4*10^-3)/$BJ$5+L7 -> -94709.416 | AF7: AP-U/RB3LYP | AG7: B3//B2 + Bondi/B2 | AH7: =U93-(U81+U83)-2.3 -> 8.9316058 | AI7: =-312738.27-U93-0.6 -> 17.44398 | AJ7: =AH7+AI7 -> 26.375585 | AL7: =ABS($AJ$29-AJ7) -> 3.3244145 | AZ7: splitting [kCal/mol] | BA7: =(BA5-BA4) -> 11.362825 | BI7: Skodje-Thruhlar approx. for exoergic reactions
A8: H2O2 | B8: -151.47881 | C8: -151.48877 | E8: -151.52656 | G8: -151.53157 | I8: -12.15 | J8: -10 | K8: -9.18 | L8: -10.51 | N8: 0.027012 | O8: 0.03111 | P8: 0.004801 | Q8: =O8-P8 -> 0.026309 | R8: =((B8+N8)*$BJ$3*$BJ$4*10^-3)/$BJ$5 -> -95037.407 | S8: =((C8+N8)*$BJ$3*$BJ$4*10^-3)/$BJ$5 -> -95043.661 | T8: =((G8+N8)*$BJ$3*$BJ$4*10^-3)/$BJ$5 -> -95070.519 | U8: =((G8+N8)*$BJ$3*$BJ$4*10^-3)/$BJ$5 -> -95070.519 | V8: =((G8+P8)*$BJ$3*$BJ$4*10^-3)/$BJ$5 -> -95084.457 | W8: =((G8+P8)*$BJ$3*$BJ$4*10^-3)/$BJ$5+I8 -> -95096.607 | X8: =((G8+P8)*$BJ$3*$BJ$4*10^-3)/$BJ$5+J8 -> -95094.457 | Y8: =((G8+P8)*$BJ$3*$BJ$4*10^-3)/$BJ$5+K8 -> -95093.637 | Z8: =((E8+P8)*$BJ$3*$BJ$4*10^-3)/$BJ$5+K8 -> -95090.492 | AA8: =((C8+P8)*$BJ$3*$BJ$4*10^-3)/$BJ$5+K8 -> -95066.779 | AB8: =((G8+P8)*$BJ$3*$BJ$4*10^-3)/$BJ$5+L8 -> -95094.967 | AF8: AP-U/RB3LYP | AG8: B3//B2 + Pauling/B2 | AH8: =V93-(V81+V83)-2.3 -> 9.1616058 | AI8: =-312738.15-V93-0.6 -> 17.05398 | AJ8: =AH8+AI8 -> 26.215585 | AL8: =ABS($AJ$29-AJ8) -> 3.4844145 | BI8: v [1/cm] | BJ8: 2000
A9: OOH2 | B9: -151.40366 | C9: -151.41276 | E9: -151.45071 | G9: -151.45574 | J9: -26.73 | K9: -25.25 | N9: 0.026577 | O9: 0.030581 | P9: 0.004304 | Q9: =O9-P9 -> 0.026277 | R9: =((B9+N9)*$BJ$3*$BJ$4*10^-3)/$BJ$5 -> -94990.525 | S9: =((C9+N9)*$BJ$3*$BJ$4*10^-3)/$BJ$5 -> -94996.235 | T9: =((G9+N9)*$BJ$3*$BJ$4*10^-3)/$BJ$5 -> -95023.206 | U9: =((G9+N9)*$BJ$3*$BJ$4*10^-3)/$BJ$5 -> -95023.206 | V9: =((G9+P9)*$BJ$3*$BJ$4*10^-3)/$BJ$5 -> -95037.182 | W9: =((G9+P9)*$BJ$3*$BJ$4*10^-3)/$BJ$5+I9 -> -95037.182 | X9: =((G9+P9)*$BJ$3*$BJ$4*10^-3)/$BJ$5+J9 -> -95063.912 | Y9: =((G9+P9)*$BJ$3*$BJ$4*10^-3)/$BJ$5+K9 -> -95062.432 | Z9: =((E9+P9)*$BJ$3*$BJ$4*10^-3)/$BJ$5+K9 -> -95059.277 | AA9: =((C9+P9)*$BJ$3*$BJ$4*10^-3)/$BJ$5+K9 -> -95035.461 | AB9: =((G9+P9)*$BJ$3*$BJ$4*10^-3)/$BJ$5+L9 -> -95037.182 | AF9: BS-U/RM052X | AG9: B5//B2 | AH9: =S76-(S66+S68)-2.3 -> 0.59043765 | AI9: =S74-S76-0.7 -> 43.481826 | AJ9: =AH9+AI9 -> 44.072264 | AL9: =ABS($AJ$29-AJ9) -> 14.372264 | BI9: ∆(V#+zpve) [kJ/mol] | BJ9: 100
A10: NA(+)H2O2 | C10: -313.61187 | E10: -313.6534 | G10: -313.65785 | J10: -62.52 | K10: -61.77 | N10: 0.028973 | O10: 0.034322 | P10: 0.002644 | Q10: =O10-P10 -> 0.031678 | R10: =((B10+N10)*$BJ$3*$BJ$4*10^-3)/$BJ$5 -> 18.180826 | S10: =((C10+N10)*$BJ$3*$BJ$4*10^-3)/$BJ$5 -> -196776.18 | T10: =((G10+N10)*$BJ$3*$BJ$4*10^-3)/$BJ$5 -> -196805.03 | U10: =((G10+N10)*$BJ$3*$BJ$4*10^-3)/$BJ$5 -> -196805.03 | V10: =((G10+P10)*$BJ$3*$BJ$4*10^-3)/$BJ$5 -> -196821.56 | W10: =((G10+P10)*$BJ$3*$BJ$4*10^-3)/$BJ$5+I10 -> -196821.56 | X10: =((G10+P10)*$BJ$3*$BJ$4*10^-3)/$BJ$5+J10 -> -196884.08 | Y10: =((G10+P10)*$BJ$3*$BJ$4*10^-3)/$BJ$5+K10 -> -196883.33 | Z10: =((E10+P10)*$BJ$3*$BJ$4*10^-3)/$BJ$5+K10 -> -196880.53 | AA10: =((C10+P10)*$BJ$3*$BJ$4*10^-3)/$BJ$5+K10 -> -196854.47 | AB10: =((G10+P10)*$BJ$3*$BJ$4*10^-3)/$BJ$5+L10 -> -196821.56 | AF10: AP-U/RM052X | AG10: B5//B2 | AH10: =S76-(S66+S68)-2.3 -> 0.59043765 | AI10: =-312665.13-S76-0.7 -> 34.395164 | AJ10: =AH10+AI10 -> 34.985602 | AL10: =ABS($AJ$29-AJ10) -> 5.2856018 | BI10: T [K] | BJ10: 6
A11: NA(+)OOH2 | C11: -313.55657 | E11: -313.59854 | G11: -313.6032 | J11: -68.73 | K11: -67.2 | N11: 0.028555 | O11: 0.034099 | P11: 0.001817 | Q11: =O11-P11 -> 0.032282 | R11: =((B11+N11)*$BJ$3*$BJ$4*10^-3)/$BJ$5 -> 17.918528 | S11: =((C11+N11)*$BJ$3*$BJ$4*10^-3)/$BJ$5 -> -196741.74 | T11: =((G11+N11)*$BJ$3*$BJ$4*10^-3)/$BJ$5 -> -196771 | U11: =((G11+N11)*$BJ$3*$BJ$4*10^-3)/$BJ$5 -> -196771 | V11: =((G11+P11)*$BJ$3*$BJ$4*10^-3)/$BJ$5 -> -196787.78 | W11: =((G11+P11)*$BJ$3*$BJ$4*10^-3)/$BJ$5+I11 -> -196787.78 | X11: =((G11+P11)*$BJ$3*$BJ$4*10^-3)/$BJ$5+J11 -> -196856.51 | Y11: =((G11+P11)*$BJ$3*$BJ$4*10^-3)/$BJ$5+K11 -> -196854.98 | Z11: =((E11+P11)*$BJ$3*$BJ$4*10^-3)/$BJ$5+K11 -> -196852.06 | AA11: =((C11+P11)*$BJ$3*$BJ$4*10^-3)/$BJ$5+K11 -> -196825.72 | AB11: =((G11+P11)*$BJ$3*$BJ$4*10^-3)/$BJ$5+L11 -> -196787.78 | AF11: BS-U/RM052X | AG11: B5//B2 + Bondi/B2 | AH11: =U76-(U66+U68)-2.3 -> 8.9304376 | AI11: =U74-U76-0.7 -> 37.881826 | AJ11: =AH11+AI11 -> 46.812264 | AL11: =ABS($AJ$29-AJ11) -> 17.112264 | BI11: h(bar) [J*s] | BJ11: =6.62606896E-34/(2*BJ14) -> 1.0545716e-34 | BN11: =BJ10*BJ13/BJ12 -> 1.2501985e+11
A12: H2O2*2H2O | B12: -304.28986 | C12: -304.31996 | E12: -304.39455 | G12: -304.40422 | J12: -15.46 | K12: -14.27 | N12: 0.078831 | O12: 0.087912 | P12: 0.047462 | Q12: =O12-P12 -> 0.04045 | R12: =((B12+N12)*$BJ$3*$BJ$4*10^-3)/$BJ$5 -> -190895.24 | S12: =((C12+N12)*$BJ$3*$BJ$4*10^-3)/$BJ$5 -> -190914.14 | T12: =((G12+N12)*$BJ$3*$BJ$4*10^-3)/$BJ$5 -> -190967.01 | U12: =((G12+N12)*$BJ$3*$BJ$4*10^-3)/$BJ$5 -> -190967.01 | V12: =((G12+P12)*$BJ$3*$BJ$4*10^-3)/$BJ$5 -> -190986.69 | W12: =((G12+P12)*$BJ$3*$BJ$4*10^-3)/$BJ$5+I12 -> -190986.69 | X12: =((G12+P12)*$BJ$3*$BJ$4*10^-3)/$BJ$5+J12 -> -191002.15 | Y12: =((G12+P12)*$BJ$3*$BJ$4*10^-3)/$BJ$5+K12 -> -191000.96 | Z12: =((E12+P12)*$BJ$3*$BJ$4*10^-3)/$BJ$5+K12 -> -190994.89 | AA12: =((C12+P12)*$BJ$3*$BJ$4*10^-3)/$BJ$5+K12 -> -190948.09 | AB12: =((G12+P12)*$BJ$3*$BJ$4*10^-3)/$BJ$5+L12 -> -190986.69 | AF12: AP-U/RM052X | AG12: B5//B2 + UAKS/B2 | AH12: =T76-(T66+T68)-2.3 -> 13.230438 | AI12: =-312677.43-U76-0.7 -> 30.125164 | AJ12: =AH12+AI12 -> 43.355602 | AL12: =ABS($AJ$29-AJ12) -> 13.655602 | BA12: =-414300.37-X39 -> 29.974539 | BI12: h [J*s] | BJ12: 6.626069e-34
A13: H2O2*2H2O_TS | B13: -304.23209 | C13: -304.26508 | E13: -304.33948 | G13: -304.34761 | J13: -23.32 | K13: -21.54 | M13: 953.33 | N13: 0.072533 | O13: 0.079238 | P13: 0.043482 | Q13: =O13-P13 -> 0.035756 | R13: =((B13+N13)*$BJ$3*$BJ$4*10^-3)/$BJ$5 -> -190862.95 | S13: =((C13+N13)*$BJ$3*$BJ$4*10^-3)/$BJ$5 -> -190883.64 | T13: =((G13+N13)*$BJ$3*$BJ$4*10^-3)/$BJ$5 -> -190935.43 | U13: =((G13+N13)*$BJ$3*$BJ$4*10^-3)/$BJ$5 -> -190935.43 | V13: =((G13+P13)*$BJ$3*$BJ$4*10^-3)/$BJ$5 -> -190953.66 | W13: =((G13+P13)*$BJ$3*$BJ$4*10^-3)/$BJ$5+I13 -> -190953.66 | X13: =((G13+P13)*$BJ$3*$BJ$4*10^-3)/$BJ$5+J13 -> -190976.98 | Y13: =((G13+P13)*$BJ$3*$BJ$4*10^-3)/$BJ$5+K13 -> -190975.2 | Z13: =((E13+P13)*$BJ$3*$BJ$4*10^-3)/$BJ$5+K13 -> -190970.1 | AA13: =((C13+P13)*$BJ$3*$BJ$4*10^-3)/$BJ$5+K13 -> -190923.41 | AB13: =((G13+P13)*$BJ$3*$BJ$4*10^-3)/$BJ$5+L13 -> -190953.66 | AF13: AP-U/RM052X | AG13: B5//B2 + Bondi/B2 | AH13: =U76-(U66+U68)-2.3 -> 8.9304376 | AI13: =-312678.34-U76-0.7 -> 29.215164 | AJ13: =AH13+AI13 -> 38.145602 | AL13: =ABS($AJ$29-AJ13) -> 8.4456018 | BE13: =1.89+0.4 -> 2.29 | BI13: kb [J/K] | BJ13: 1.3806503e-23
A14: Wateroxide*2H2O_A | B14: -304.23834 | C14: -304.26775 | E14: -304.34278 | G14: -304.35177 | J14: -23.99 | K14: -22.01 | N14: 0.078828 | O14: 0.08698 | P14: 0.048177 | Q14: =O14-P14 -> 0.038803 | R14: =((B14+N14)*$BJ$3*$BJ$4*10^-3)/$BJ$5 -> -190862.92 | S14: =((C14+N14)*$BJ$3*$BJ$4*10^-3)/$BJ$5 -> -190881.37 | T14: =((G14+N14)*$BJ$3*$BJ$4*10^-3)/$BJ$5 -> -190934.1 | U14: =((G14+N14)*$BJ$3*$BJ$4*10^-3)/$BJ$5 -> -190934.1 | V14: =((G14+P14)*$BJ$3*$BJ$4*10^-3)/$BJ$5 -> -190953.33 | W14: =((G14+P14)*$BJ$3*$BJ$4*10^-3)/$BJ$5+I14 -> -190953.33 | X14: =((G14+P14)*$BJ$3*$BJ$4*10^-3)/$BJ$5+J14 -> -190977.32 | Y14: =((G14+P14)*$BJ$3*$BJ$4*10^-3)/$BJ$5+K14 -> -190975.34 | Z14: =((E14+P14)*$BJ$3*$BJ$4*10^-3)/$BJ$5+K14 -> -190969.7 | AA14: =((C14+P14)*$BJ$3*$BJ$4*10^-3)/$BJ$5+K14 -> -190922.61 | AB14: =((G14+P14)*$BJ$3*$BJ$4*10^-3)/$BJ$5+L14 -> -190953.33 | AF14: AP-U/RM052X | AG14: B5//B2 + Pauling/B2 | AH14: =V76-(V66+V68)-2.3 -> 8.6404376 | AI14: =-312677.79-V76-0.7 -> 29.205164 | AJ14: =AH14+AI14 -> 37.845602 | AL14: =ABS($AJ$29-AJ14) -> 8.1456018 | BA14: =BD4-(X3+X8)-2.89 -> -101763.59 | BI14: Pi | BJ14: 3.1415927
A15: H2O2*4H2O | B15: -457.10376 | C15: -457.15389 | E15: -457.26536 | G15: -457.27954 | J15: -19.12 | K15: -17.5 | N15: 0.130462 | O15: 0.144709 | P15: 0.090952 | Q15: =O15-P15 -> 0.053757 | R15: =((B15+N15)*$BJ$3*$BJ$4*10^-3)/$BJ$5 -> -286754.98 | S15: =((C15+N15)*$BJ$3*$BJ$4*10^-3)/$BJ$5 -> -286786.44 | T15: =((G15+N15)*$BJ$3*$BJ$4*10^-3)/$BJ$5 -> -286865.29 | U15: =((G15+N15)*$BJ$3*$BJ$4*10^-3)/$BJ$5 -> -286865.29 | V15: =((G15+P15)*$BJ$3*$BJ$4*10^-3)/$BJ$5 -> -286890.08 | W15: =((G15+P15)*$BJ$3*$BJ$4*10^-3)/$BJ$5+I15 -> -286890.08 | X15: =((G15+P15)*$BJ$3*$BJ$4*10^-3)/$BJ$5+J15 -> -286909.2 | Y15: =((G15+P15)*$BJ$3*$BJ$4*10^-3)/$BJ$5+K15 -> -286907.58 | Z15: =((E15+P15)*$BJ$3*$BJ$4*10^-3)/$BJ$5+K15 -> -286898.69 | AA15: =((C15+P15)*$BJ$3*$BJ$4*10^-3)/$BJ$5+K15 -> -286828.73 | AB15: =((G15+P15)*$BJ$3*$BJ$4*10^-3)/$BJ$5+L15 -> -286890.08 | AF15: BS-U/RM05 | AG15: B5//B2 | AH15: =V27-(V3+V8)-2.3 -> 2.7524933 | AI15: =V25-V27-0.6 -> 33.414478 | AJ15: =AH15+AI15 -> 36.166972 | AL15: =ABS($AJ$29-AJ15) -> 6.4669715 | BI15: R [J/mol*K] | BJ15: 8.314472
A16: H2O2*5H2O | B16: -533.50813 | C16: -533.56792 | E16: -533.69806 | G16: -533.71446 | J16: -20.47 | K16: -18.37 | N16: 0.1559 | O16: 0.172991 | P16: 0.112566 | Q16: =O16-P16 -> 0.060425 | R16: =((B16+N16)*$BJ$3*$BJ$4*10^-3)/$BJ$5 -> -334683.48 | S16: =((C16+N16)*$BJ$3*$BJ$4*10^-3)/$BJ$5 -> -334721 | T16: =((G16+N16)*$BJ$3*$BJ$4*10^-3)/$BJ$5 -> -334812.95 | U16: =((G16+N16)*$BJ$3*$BJ$4*10^-3)/$BJ$5 -> -334812.95 | V16: =((G16+P16)*$BJ$3*$BJ$4*10^-3)/$BJ$5 -> -334840.14 | W16: =((G16+P16)*$BJ$3*$BJ$4*10^-3)/$BJ$5+I16 -> -334840.14 | X16: =((G16+P16)*$BJ$3*$BJ$4*10^-3)/$BJ$5+J16 -> -334860.61 | Y16: =((G16+P16)*$BJ$3*$BJ$4*10^-3)/$BJ$5+K16 -> -334858.51 | Z16: =((E16+P16)*$BJ$3*$BJ$4*10^-3)/$BJ$5+K16 -> -334848.22 | AA16: =((C16+P16)*$BJ$3*$BJ$4*10^-3)/$BJ$5+K16 -> -334766.56 | AB16: =((G16+P16)*$BJ$3*$BJ$4*10^-3)/$BJ$5+L16 -> -334840.14 | AF16: AP-U/RM05 | AG16: B5//B2 | AH16: =V27-(V3+V8)-2.3 -> 2.7524933 | AI16: =-312493.14-V27-0.6 -> 25.818313 | AJ16: =AH16+AI16 -> 28.570807 | AL16: =ABS($AJ$29-AJ16) -> 1.1291933 | BI16: Na [1/mol] | BJ16: 6.02214e+23
A17: Wateroxide*4H2O_TS | B17: -457.05613 | C17: -457.10979 | E17: -457.22087 | G17: -457.2332 | J17: -22.47 | K17: -20.78 | M17: 1119.76 | N17: 0.123908 | O17: 0.135634 | P17: 0.087053 | Q17: =O17-P17 -> 0.048581 | R17: =((B17+N17)*$BJ$3*$BJ$4*10^-3)/$BJ$5 -> -286729.21 | S17: =((C17+N17)*$BJ$3*$BJ$4*10^-3)/$BJ$5 -> -286762.88 | T17: =((G17+N17)*$BJ$3*$BJ$4*10^-3)/$BJ$5 -> -286840.32 | U17: =((G17+N17)*$BJ$3*$BJ$4*10^-3)/$BJ$5 -> -286840.32 | V17: =((G17+P17)*$BJ$3*$BJ$4*10^-3)/$BJ$5 -> -286863.45 | W17: =((G17+P17)*$BJ$3*$BJ$4*10^-3)/$BJ$5+I17 -> -286863.45 | X17: =((G17+P17)*$BJ$3*$BJ$4*10^-3)/$BJ$5+J17 -> -286885.92 | Y17: =((G17+P17)*$BJ$3*$BJ$4*10^-3)/$BJ$5+K17 -> -286884.23 | Z17: =((E17+P17)*$BJ$3*$BJ$4*10^-3)/$BJ$5+K17 -> -286876.49 | AA17: =((C17+P17)*$BJ$3*$BJ$4*10^-3)/$BJ$5+K17 -> -286806.79 | AB17: =((G17+P17)*$BJ$3*$BJ$4*10^-3)/$BJ$5+L17 -> -286863.45 | AF17: BS-U/RM05 | AG17: B5//B2 + Bondi/B2 | AH17: =X27-(X3+X8)-2.3 -> 9.3324933 | AI17: =X25-X27-0.6 -> 27.304478 | AJ17: =AH17+AI17 -> 36.636972 | AL17: =ABS($AJ$29-AJ17) -> 6.9369715 | BA17: RC-(BnOH+H2O2) | BB17: TS-RC | BC17: sum | BI17: c [cm/s] | BJ17: 29979245800
A18: Wateroxide*4H2O | B18: -457.06761 | C18: -457.11701 | E18: -457.22894 | G18: -457.24219 | J18: -22.43 | K18: -20.52 | N18: 0.130855 | O18: 0.143941 | P18: 0.091985 | Q18: =O18-P18 -> 0.051956 | R18: =((B18+N18)*$BJ$3*$BJ$4*10^-3)/$BJ$5 -> -286732.05 | S18: =((C18+N18)*$BJ$3*$BJ$4*10^-3)/$BJ$5 -> -286763.05 | T18: =((G18+N18)*$BJ$3*$BJ$4*10^-3)/$BJ$5 -> -286841.6 | U18: =((G18+N18)*$BJ$3*$BJ$4*10^-3)/$BJ$5 -> -286841.6 | V18: =((G18+P18)*$BJ$3*$BJ$4*10^-3)/$BJ$5 -> -286865.99 | W18: =((G18+P18)*$BJ$3*$BJ$4*10^-3)/$BJ$5+I18 -> -286865.99 | X18: =((G18+P18)*$BJ$3*$BJ$4*10^-3)/$BJ$5+J18 -> -286888.42 | Y18: =((G18+P18)*$BJ$3*$BJ$4*10^-3)/$BJ$5+K18 -> -286886.51 | Z18: =((E18+P18)*$BJ$3*$BJ$4*10^-3)/$BJ$5+K18 -> -286878.2 | AA18: =((C18+P18)*$BJ$3*$BJ$4*10^-3)/$BJ$5+K18 -> -286807.97 | AB18: =((G18+P18)*$BJ$3*$BJ$4*10^-3)/$BJ$5+L18 -> -286865.99 | AF18: AP-U/RM05 | AG18: B5//B2 + Bondi/B2 | AH18: =X27-(X3+X8)-2.3 -> 9.3324933 | AI18: =-312507.3-X27-0.6 -> 20.128313 | AJ18: =AH18+AI18 -> 29.460807 | AL18: =ABS($AJ$29-AJ18) -> 0.23919327 | AN18: =X30-(X3+X7)-1.9 -> 9.5194904 | AO18: =-312210.94-X30-0.2 -> 21.320733 | AP18: =AN18+AO18 -> 30.840224 | AR18: =X21-(X3+X20)-1.9 -> -0.49738849 | AS18: =X22-X21-0.1 -> 28.359468 | AT18: =AR18+AS18 -> 27.86208 | AZ18: high | BA18: =X27-(X3+X8)-1.89+0.4 -> 10.142493 | BB18: =-312507.3-X27 -> 20.728313 | BC18: =BB18+BA18-0.6 -> 30.270807 | BI18: a=(2*pi/h*v*c) [1/J] | BJ18: =((2*BJ14)/(BJ12*BJ8*BJ17)) -> 1.5815146e+20
A19: Wateroxide*5H2O | B19: -533.47367 | C19: -533.53327 | E19: -533.66372 | G19: -533.67931 | J19: -22.86 | K19: -20.83 | N19: 0.155833 | O19: 0.171938 | P19: 0.113207 | Q19: =O19-P19 -> 0.058731 | R19: =((B19+N19)*$BJ$3*$BJ$4*10^-3)/$BJ$5 -> -334661.89 | S19: =((C19+N19)*$BJ$3*$BJ$4*10^-3)/$BJ$5 -> -334699.29 | T19: =((G19+N19)*$BJ$3*$BJ$4*10^-3)/$BJ$5 -> -334790.94 | U19: =((G19+N19)*$BJ$3*$BJ$4*10^-3)/$BJ$5 -> -334790.94 | V19: =((G19+P19)*$BJ$3*$BJ$4*10^-3)/$BJ$5 -> -334817.68 | W19: =((G19+P19)*$BJ$3*$BJ$4*10^-3)/$BJ$5+I19 -> -334817.68 | X19: =((G19+P19)*$BJ$3*$BJ$4*10^-3)/$BJ$5+J19 -> -334840.54 | Y19: =((G19+P19)*$BJ$3*$BJ$4*10^-3)/$BJ$5+K19 -> -334838.51 | Z19: =((E19+P19)*$BJ$3*$BJ$4*10^-3)/$BJ$5+K19 -> -334828.73 | AA19: =((C19+P19)*$BJ$3*$BJ$4*10^-3)/$BJ$5+K19 -> -334746.87 | AB19: =((G19+P19)*$BJ$3*$BJ$4*10^-3)/$BJ$5+L19 -> -334817.68 | AF19: AP-U/RM05 | AG19: B5//B2 + UAKS/B2 | AH19: =W27-(W3+W8)-2.3 -> 11.222493 | AI19: =-312506.46-W27-0.6 -> 23.108313 | AJ19: =AH19+AI19 -> 34.330807 | AL19: =ABS($AJ$29-AJ19) -> 4.6308067 | AZ19: medium | BA19: =X48-(X4+X8)-1.89+0.4 -> 9.0425075 | BB19: =-312509.16-X48 -> 21.52456 | BC19: =BB19+BA19-0.7 -> 29.867068 | BI19: b=(1/(kb*T)) [1/J] | BJ19: =(1/(BJ13*BJ10)) -> 1.2071606e+22
A20: HO2Na | B20: -313.20313 | C20: -313.20815 | G20: -313.25239 | I20: -32.66 | J20: -22.81 | L20: -43.76 | N20: 0.015633 | O20: 0.020765 | P20: -0.010347 | Q20: =O20-P20 -> 0.031112 | R20: =((B20+N20)*$BJ$3*$BJ$4*10^-3)/$BJ$5 -> -196528.06 | S20: =((C20+N20)*$BJ$3*$BJ$4*10^-3)/$BJ$5 -> -196531.21 | T20: =((G20+N20)*$BJ$3*$BJ$4*10^-3)/$BJ$5 -> -196558.97 | U20: =((G20+N20)*$BJ$3*$BJ$4*10^-3)/$BJ$5 -> -196558.97 | V20: =((G20+P20)*$BJ$3*$BJ$4*10^-3)/$BJ$5 -> -196575.28 | W20: =((G20+P20)*$BJ$3*$BJ$4*10^-3)/$BJ$5+I20 -> -196607.94 | X20: =((G20+P20)*$BJ$3*$BJ$4*10^-3)/$BJ$5+J20 -> -196598.09 | Y20: =((G20+P20)*$BJ$3*$BJ$4*10^-3)/$BJ$5+K20 -> -196575.28 | AB20: =((G20+P20)*$BJ$3*$BJ$4*10^-3)/$BJ$5+L20 -> -196619.04 | AF20: AP-U/RM05 | AG20: B5//B2 + Paulin/gB2 | AH20: =AB27-(AB3+AB8)-2.3 -> 9.9324933 | AI20: =-312506.87-AB27-0.6 -> 19.818313 | AJ20: =AH20+AI20 -> 29.750807 | AL20: =ABS($AJ$29-AJ20) -> 0.050806734 | AZ20: low | BA20: =X51-(X5+X8)-1.89+0.4 -> 10.539945 | BB20: =-312507.36-X51 -> 21.568182 | BC20: =BB20+BA20-0.8 -> 31.308127 | BI20: k(T) a>b | BJ20: =((BJ19*BJ14)/BJ18)/SIN((BJ19*BJ14)/BJ18)-(BJ19/(BJ18-BJ19))*EXP((BJ19-BJ18)*((BJ9*1000/BJ16))) -> #NUM!
A21: TS1(NA)_BnOH_RC | B21: -659.77673 | C21: -659.79723 | G21: -659.90536 | I21: -20.27 | J21: -15.18 | L21: -26.66 | N21: 0.151826 | O21: 0.165055 | P21: 0.111605 | Q21: =O21-P21 -> 0.05345 | R21: =((B21+N21)*$BJ$3*$BJ$4*10^-3)/$BJ$5 -> -413920.75 | S21: =((C21+N21)*$BJ$3*$BJ$4*10^-3)/$BJ$5 -> -413933.62 | T21: =((G21+N21)*$BJ$3*$BJ$4*10^-3)/$BJ$5 -> -414001.47 | U21: =((G21+N21)*$BJ$3*$BJ$4*10^-3)/$BJ$5 -> -414001.47 | V21: =((G21+P21)*$BJ$3*$BJ$4*10^-3)/$BJ$5 -> -414026.71 | W21: =((G21+P21)*$BJ$3*$BJ$4*10^-3)/$BJ$5+I21 -> -414046.98 | X21: =((G21+P21)*$BJ$3*$BJ$4*10^-3)/$BJ$5+J21 -> -414041.89 | Y21: =((G21+P21)*$BJ$3*$BJ$4*10^-3)/$BJ$5+K21 -> -414026.71 | AB21: =((G21+P21)*$BJ$3*$BJ$4*10^-3)/$BJ$5+L21 -> -414053.37 | AF21: AP-U/RM05 | AG21: B5//ONIOM/B2 + Bondi/B2 | AH21: =X48-(X4+X8)-2.3 -> 8.2325075 | AI21: =-312509.68-X48-0.7 -> 20.30456 | AJ21: =AH21+AI21 -> 28.537068 | AK21: =ABS($AI$18-AI21) -> 0.17624679 | AL21: =ABS($AJ$29-AJ21) -> 1.1629322 | AN21: =X54-(X4+X7)-1.9 -> 9.8240116 | AO21: =-312213.33-X54-0.1 -> 20.282473 | AP21: =AN21+AO21 -> 30.106485 | AQ21: =ABS($AO$18-AO21) -> 1.0382601 | BI21: RTln(k(T)) a>b [kCal/mol] | BJ21: =(BJ15*BJ10*LN(BJ20)/1000)/BJ5 -> #NUM!
A22: TS1(NA)_BnOH_TS | B22: -659.73066 | C22: -659.75135 | G22: -659.8595 | I22: -21.75 | J22: -12.43 | L22: -25.08 | M22: 504.28 | N22: 0.146509 | O22: 0.159354 | P22: 0.106714 | Q22: =O22-P22 -> 0.05264 | R22: =((B22+N22)*$BJ$3*$BJ$4*10^-3)/$BJ$5 -> -413895.18 | S22: =((C22+N22)*$BJ$3*$BJ$4*10^-3)/$BJ$5 -> -413908.16 | T22: =((G22+N22)*$BJ$3*$BJ$4*10^-3)/$BJ$5 -> -413976.03 | U22: =((G22+N22)*$BJ$3*$BJ$4*10^-3)/$BJ$5 -> -413976.03 | V22: =((G22+P22)*$BJ$3*$BJ$4*10^-3)/$BJ$5 -> -414001 | W22: =((G22+P22)*$BJ$3*$BJ$4*10^-3)/$BJ$5+I22 -> -414022.75 | X22: =((G22+P22)*$BJ$3*$BJ$4*10^-3)/$BJ$5+J22 -> -414013.43 | Y22: =((G22+P22)*$BJ$3*$BJ$4*10^-3)/$BJ$5+K22 -> -414001 | AB22: =((G22+P22)*$BJ$3*$BJ$4*10^-3)/$BJ$5+L22 -> -414026.08 | AF22: AP-U/RM05 | AG22: B5//ONIOM/B2 + Bond1/B1 | AH22: =Y48-(Y4+Y8)-2.3 -> 7.5525075 | AI22: =-312507.68-Y48-0.7 -> 21.32456 | AJ22: =AH22+AI22 -> 28.877068 | AK22: =ABS($AI$18-AI22) -> 1.1962468 | AL22: =ABS($AJ$29-AJ22) -> 0.8229322 | AN22: =Y54-(Y4+Y7)-1.9 -> 14.404012 | AO22: =-312214.28-Y54-0.1 -> 20.982473 | AP22: =AN22+AO22 -> 35.386485 | AQ22: =ABS($AO$18-AO22) -> 0.33826015 | BI22: k(T) a<b | BJ22: =(BJ19/(BJ19-BJ18))*(EXP((BJ19-BJ18)*((BJ9)*1000/BJ16))-1) -> #NUM!
A23: TS1(NA)_MeOBnOH_RC | B23: -774.24478 | C23: -774.26771 | G23: -774.40353 | I23: -21.67 | J23: -16.38 | L23: -28.18 | N23: 0.185049 | O23: 0.200798 | P23: 0.141478 | Q23: =O23-P23 -> 0.05932 | R23: =((B23+N23)*$BJ$3*$BJ$4*10^-3)/$BJ$5 -> -485729.67 | S23: =((C23+N23)*$BJ$3*$BJ$4*10^-3)/$BJ$5 -> -485744.05 | T23: =((G23+N23)*$BJ$3*$BJ$4*10^-3)/$BJ$5 -> -485829.28 | U23: =((G23+N23)*$BJ$3*$BJ$4*10^-3)/$BJ$5 -> -485829.28 | V23: =((G23+P23)*$BJ$3*$BJ$4*10^-3)/$BJ$5 -> -485856.62 | W23: =((G23+P23)*$BJ$3*$BJ$4*10^-3)/$BJ$5+I23 -> -485878.29 | X23: =((G23+P23)*$BJ$3*$BJ$4*10^-3)/$BJ$5+J23 -> -485873 | Y23: =((G23+P23)*$BJ$3*$BJ$4*10^-3)/$BJ$5+K23 -> -485856.62 | AB23: =((G23+P23)*$BJ$3*$BJ$4*10^-3)/$BJ$5+L23 -> -485884.8 | AF23: AP-U/RM05 | AG23: B4//ONIOM/B2 + Bondi/B1 | AH23: =Z48-(Z4+Z8)-2.3 -> 7.3208901 | AI23: =-312497.81-Z48-0.7 -> 20.829066 | AJ23: =AH23+AI23 -> 28.149956 | AK23: =ABS($AI$18-AI23) -> 0.70075291 | AL23: =ABS($AJ$29-AJ23) -> 1.5500435 | AN23: =Z54-(Z4+Z7)-1.9 -> 14.063132 | AO23: =-312205.07-Z54-0.1 -> 20.499183 | AP23: =AN23+AO23 -> 34.562315 | AQ23: =ABS($AO$18-AO23) -> 0.8215504 | BI23: RTln(k(T)) a<b [kCal/mol] | BJ23: =(BJ15*BJ10*LN(BJ22)/1000)/BJ5 -> #NUM!
A24: TS1(NA)_MeOBnOH_TS | B24: -774.19798 | C24: -774.22102 | G24: -774.35691 | I24: -23.71 | J24: -14.32 | L24: -27.08 | M24: 500.6 | N24: 0.179645 | O24: 0.195146 | P24: 0.136147 | Q24: =O24-P24 -> 0.058999 | R24: =((B24+N24)*$BJ$3*$BJ$4*10^-3)/$BJ$5 -> -485703.69 | S24: =((C24+N24)*$BJ$3*$BJ$4*10^-3)/$BJ$5 -> -485718.15 | T24: =((G24+N24)*$BJ$3*$BJ$4*10^-3)/$BJ$5 -> -485803.42 | U24: =((G24+N24)*$BJ$3*$BJ$4*10^-3)/$BJ$5 -> -485803.42 | V24: =((G24+P24)*$BJ$3*$BJ$4*10^-3)/$BJ$5 -> -485830.72 | W24: =((G24+P24)*$BJ$3*$BJ$4*10^-3)/$BJ$5+I24 -> -485854.43 | X24: =((G24+P24)*$BJ$3*$BJ$4*10^-3)/$BJ$5+J24 -> -485845.04 | Y24: =((G24+P24)*$BJ$3*$BJ$4*10^-3)/$BJ$5+K24 -> -485830.72 | AB24: =((G24+P24)*$BJ$3*$BJ$4*10^-3)/$BJ$5+L24 -> -485857.8 | AF24: AP-U/RM05 | AG24: B3//ONIOM/B2 + Bondi/B1 | AH24: =AA48-(AA4+AA8)-2.3 -> 6.7834265 | AI24: =-312440.82-AA48-0.7 -> 20.93559 | AJ24: =AH24+AI24 -> 27.719016 | AK24: =ABS($AI$18-AI24) -> 0.80727618 | AL24: =ABS($AJ$29-AJ24) -> 1.9809838 | AN24: =AA54-(AA4+AA7)-1.9 -> 14.925309 | AO24: =-312148.72-AA54-0.1 -> 20.063974 | AP24: =AN24+AO24 -> 34.989283 | AQ24: =ABS($AO$18-AO24) -> 1.2567592 | BI24: Wigner approx. Condition: h*v<<kb*T
A25: BS_U_TS1 | C25: -497.98552 | D25: 0.5763 | G25: -498.09184 | H25: 0.5804 | I25: -13.43 | J25: -14.58 | L25: -14.34 | M25: 1391.38 | N25: 0.153274 | O25: 0.165836 | P25: 0.114272 | Q25: =O25-P25 -> 0.051564 | R25: =((B25+N25)*$BJ$3*$BJ$4*10^-3)/$BJ$5 -> 96.180858 | S25: =((C25+N25)*$BJ$3*$BJ$4*10^-3)/$BJ$5 -> -312394.36 | T25: =((G25+N25)*$BJ$3*$BJ$4*10^-3)/$BJ$5 -> -312461.07 | U25: =((G25+N25)*$BJ$3*$BJ$4*10^-3)/$BJ$5 -> -312461.07 | V25: =((G25+P25)*$BJ$3*$BJ$4*10^-3)/$BJ$5 -> -312485.54 | W25: =((G25+P25)*$BJ$3*$BJ$4*10^-3)/$BJ$5+I25 -> -312498.97 | X25: =((G25+P25)*$BJ$3*$BJ$4*10^-3)/$BJ$5+J25 -> -312500.12 | Y25: =((G25+P25)*$BJ$3*$BJ$4*10^-3)/$BJ$5+K25 -> -312485.54 | AB25: =((G25+P25)*$BJ$3*$BJ$4*10^-3)/$BJ$5+L25 -> -312499.88 | AF25: AP-U/RM05 | AG25: B5//ONIOM/B1 + Bond/iB2 | AH25: =X51-(X5+X8)-2.3 -> 9.7299452 | AI25: =-312508.25-X51-0.8 -> 19.878182 | AJ25: =AH25+AI25 -> 29.608127 | AK25: =ABS($AI$18-AI25) -> 0.25013139 | AL25: =ABS($AJ$29-AJ25) -> 0.091872744 | AN25: =X57-(X5+X7)-1.9 -> 10.50969 | AO25: =-312213.97-X57-0.1 -> 18.697855 | AP25: =AN25+AO25 -> 29.207544 | AQ25: =ABS($AO$18-AO25) -> 2.6228786 | BI25: k(T) | BJ25: =1+(1/24)*(BJ12*BJ8*BJ17/(BJ10*BJ13))^2 -> 9584.6771
A26: BS_U_TS1 (T SP) | C26: -497.95624 | E26: -498.04655 | G26: -498.06223 | I26: -13.69 | J26: -15.61 | K26: -12.83 | L26: -15.83 | N26: 0.153274 | O26: 0.165836 | P26: 0.114272 | Q26: =O26-P26 -> 0.051564 | R26: =((B26+N26)*$BJ$3*$BJ$4*10^-3)/$BJ$5 -> 96.180858 | S26: =((C26+N26)*$BJ$3*$BJ$4*10^-3)/$BJ$5 -> -312375.98 | T26: =((G26+N26)*$BJ$3*$BJ$4*10^-3)/$BJ$5 -> -312442.49 | U26: =((G26+N26)*$BJ$3*$BJ$4*10^-3)/$BJ$5 -> -312442.49 | V26: =((G26+P26)*$BJ$3*$BJ$4*10^-3)/$BJ$5 -> -312466.96 | W26: =((G26+P26)*$BJ$3*$BJ$4*10^-3)/$BJ$5+I26 -> -312480.65 | X26: =((G26+P26)*$BJ$3*$BJ$4*10^-3)/$BJ$5+J26 -> -312482.57 | Y26: =((G26+P26)*$BJ$3*$BJ$4*10^-3)/$BJ$5+K26 -> -312479.79 | AB26: =((G26+P26)*$BJ$3*$BJ$4*10^-3)/$BJ$5+L26 -> -312482.79 | AF26: AP-U/RM05 | AG26: B5//ONIOM/B1 + Bond1/B1 | AH26: =Y51-(Y5+Y8)-2.3 -> 9.2199452 | AI26: =-312506-Y51-0.8 -> 21.008182 | AJ26: =AH26+AI26 -> 30.228127 | AK26: =ABS($AI$18-AI26) -> 0.87986861 | AL26: =ABS($AJ$29-AJ26) -> 0.52812726 | AN26: =Y57-(Y5+Y7)-1.9 -> 15.14969 | AO26: =-312215.05-Y57-0.1 -> 19.237855 | AP26: =AN26+AO26 -> 34.387544 | AQ26: =ABS($AO$18-AO26) -> 2.0828786 | BI26: (kb*T)/(h*v*c) | BJ26: =(BJ10*BJ13)/(BJ8*BJ12*BJ17) -> 0.0020851067
A27: TS1_RC | B27: -498.02731 | C27: -498.05065 | G27: -498.15782 | I27: -10.61 | J27: -8.47 | L27: -7.73 | N27: 0.164328 | O27: 0.176247 | P27: 0.126047 | Q27: =O27-P27 -> 0.0502 | R27: =((B27+N27)*$BJ$3*$BJ$4*10^-3)/$BJ$5 -> -312413.64 | S27: =((C27+N27)*$BJ$3*$BJ$4*10^-3)/$BJ$5 -> -312428.29 | T27: =((G27+N27)*$BJ$3*$BJ$4*10^-3)/$BJ$5 -> -312495.54 | U27: =((G27+N27)*$BJ$3*$BJ$4*10^-3)/$BJ$5 -> -312495.54 | V27: =((G27+P27)*$BJ$3*$BJ$4*10^-3)/$BJ$5 -> -312519.56 | W27: =((G27+P27)*$BJ$3*$BJ$4*10^-3)/$BJ$5+I27 -> -312530.17 | X27: =((G27+P27)*$BJ$3*$BJ$4*10^-3)/$BJ$5+J27 -> -312528.03 | Y27: =((G27+P27)*$BJ$3*$BJ$4*10^-3)/$BJ$5+K27 -> -312519.56 | AB27: =((G27+P27)*$BJ$3*$BJ$4*10^-3)/$BJ$5+L27 -> -312527.29 | AF27: AP-U/RM05 | AG27: B4//ONIOM/B1 + Bondi/B1 | AH27: =Z51-(Z5+Z8)-2.3 -> 8.9327875 | AI27: =-312496.19-Z51-0.8 -> 20.508753 | AJ27: =AH27+AI27 -> 29.441541 | AK27: =ABS($AI$18-AI27) -> 0.38043954 | AL27: =ABS($AJ$29-AJ27) -> 0.25845947 | AN27: =Z57-(Z5+Z7)-1.9 -> 14.696364 | AO27: =-312205.87-Z57-0.1 -> 18.837536 | AP27: =AN27+AO27 -> 33.533899 | AQ27: =ABS($AO$18-AO27) -> 2.4831977 | AX27: =X39 -> -414330.34 | BI27: RTln(k(T)) [kCal/mol] | BJ27: =(BJ15*BJ10*LN(BJ25)/1000)/BJ5 -> 0.10931131
A28: BS_U_TS1(-) | B28: -497.41632 | C28: -497.43782 | D28: 0.1685 | E28: -497.52801 | F28: 0.1538 | G28: -497.54289 | H28: 0.1482 | J28: -61.91 | K28: -62.96 | M28: 720.41 | N28: 0.143397 | O28: 0.155206 | P28: 0.104862 | Q28: =O28-P28 -> 0.050344 | R28: =((B28+N28)*$BJ$3*$BJ$4*10^-3)/$BJ$5 -> -312043.38 | S28: =((C28+N28)*$BJ$3*$BJ$4*10^-3)/$BJ$5 -> -312056.86 | T28: =((G28+N28)*$BJ$3*$BJ$4*10^-3)/$BJ$5 -> -312122.8 | U28: =((G28+N28)*$BJ$3*$BJ$4*10^-3)/$BJ$5 -> -312122.8 | V28: =((G28+P28)*$BJ$3*$BJ$4*10^-3)/$BJ$5 -> -312146.98 | W28: =((G28+P28)*$BJ$3*$BJ$4*10^-3)/$BJ$5+I28 -> -312146.98 | X28: =((G28+P28)*$BJ$3*$BJ$4*10^-3)/$BJ$5+J28 -> -312208.89 | Y28: =((G28+P28)*$BJ$3*$BJ$4*10^-3)/$BJ$5+K28 -> -312209.94 | AB28: =((G28+P28)*$BJ$3*$BJ$4*10^-3)/$BJ$5+L28 -> -312146.98 | AF28: AP-U/RM05 | AG28: B3//ONIOM/B1 + Bondi/B1 | AH28: =AA51-(AA5+AA8)-2.3 -> 8.5947288 | AI28: =-312439.23-AA51-0.8 -> 20.36652 | AJ28: =AH28+AI28 -> 28.961249 | AK28: =ABS($AI$18-AI28) -> 0.2382068 | AL28: =ABS($AJ$29-AJ28) -> 0.73875091 | AP28: =AN28+AO28 -> 0 | AQ28: =ABS($AO$18-AO28) -> 21.320733 | BI28: (s) | BJ28: 2
A29: BS_U_TS1(-)_(T) | C29: -497.39233 | E29: -497.48224 | G29: -497.49723 | J29: -64.95 | K29: -65.81 | N29: 0.143397 | O29: 0.155206 | P29: 0.104862 | Q29: =O29-P29 -> 0.050344 | R29: =((B29+N29)*$BJ$3*$BJ$4*10^-3)/$BJ$5 -> 89.982949 | S29: =((C29+N29)*$BJ$3*$BJ$4*10^-3)/$BJ$5 -> -312028.32 | T29: =((G29+N29)*$BJ$3*$BJ$4*10^-3)/$BJ$5 -> -312094.15 | U29: =((G29+N29)*$BJ$3*$BJ$4*10^-3)/$BJ$5 -> -312094.15 | V29: =((G29+P29)*$BJ$3*$BJ$4*10^-3)/$BJ$5 -> -312118.33 | W29: =((G29+P29)*$BJ$3*$BJ$4*10^-3)/$BJ$5+I29 -> -312118.33 | X29: =((G29+P29)*$BJ$3*$BJ$4*10^-3)/$BJ$5+J29 -> -312183.28 | Y29: =((G29+P29)*$BJ$3*$BJ$4*10^-3)/$BJ$5+K29 -> -312184.14 | AB29: =((G29+P29)*$BJ$3*$BJ$4*10^-3)/$BJ$5+L29 -> -312118.33 | AF29: exp | AJ29: 29.7 | AL29: =ABS($AJ$29-AJ29) -> 0 | BI29: RTln(s) kCal/mol | BJ29: =($BJ$10*$BJ$15*LN(BJ28)*10^-3)/BJ5 -> 0.0082645595
A30: TS1(-1)_RC | B30: -497.47013 | C30: -497.49097 | E30: -497.58132 | G30: -497.59686 | J30: -55.39 | K30: -57.24 | N30: 0.149286 | O30: 0.160623 | P30: 0.110884 | Q30: =O30-P30 -> 0.049739 | R30: =((B30+N30)*$BJ$3*$BJ$4*10^-3)/$BJ$5 -> -312073.45 | S30: =((C30+N30)*$BJ$3*$BJ$4*10^-3)/$BJ$5 -> -312086.53 | T30: =((G30+N30)*$BJ$3*$BJ$4*10^-3)/$BJ$5 -> -312152.97 | U30: =((G30+N30)*$BJ$3*$BJ$4*10^-3)/$BJ$5 -> -312152.97 | V30: =((G30+P30)*$BJ$3*$BJ$4*10^-3)/$BJ$5 -> -312177.07 | W30: =((G30+P30)*$BJ$3*$BJ$4*10^-3)/$BJ$5+I30 -> -312177.07 | X30: =((G30+P30)*$BJ$3*$BJ$4*10^-3)/$BJ$5+J30 -> -312232.46 | Y30: =((G30+P30)*$BJ$3*$BJ$4*10^-3)/$BJ$5+K30 -> -312234.31 | AB30: =((G30+P30)*$BJ$3*$BJ$4*10^-3)/$BJ$5+L30 -> -312177.07
A31: OOH2_TS_RC | B31: -497.97003 | C31: -497.9943 | E31: -498.08541 | G31: -498.10116 | J31: -13.7 | K31: -11.83 | N31: 0.164436 | O31: 0.175654 | P31: 0.127428 | Q31: =O31-P31 -> 0.048226 | R31: =((B31+N31)*$BJ$3*$BJ$4*10^-3)/$BJ$5 -> -312377.63 | S31: =((C31+N31)*$BJ$3*$BJ$4*10^-3)/$BJ$5 -> -312392.86 | T31: =((G31+N31)*$BJ$3*$BJ$4*10^-3)/$BJ$5 -> -312459.92 | U31: =((G31+N31)*$BJ$3*$BJ$4*10^-3)/$BJ$5 -> -312459.92 | V31: =((G31+P31)*$BJ$3*$BJ$4*10^-3)/$BJ$5 -> -312483.14 | W31: =((G31+P31)*$BJ$3*$BJ$4*10^-3)/$BJ$5+I31 -> -312483.14 | X31: =((G31+P31)*$BJ$3*$BJ$4*10^-3)/$BJ$5+J31 -> -312496.84 | Y31: =((G31+P31)*$BJ$3*$BJ$4*10^-3)/$BJ$5+K31 -> -312494.97 | AB31: =((G31+P31)*$BJ$3*$BJ$4*10^-3)/$BJ$5+L31 -> -312483.14
A32: BS_U_OOH2_TS | B32: -497.9086 | C32: -497.96601 | D32: 0.7605 | E32: -498.05737 | F32: 0.7652 | G32: -498.07268 | H32: 0.7639 | J32: -14.46 | K32: -13.38 | M32: 52.45 | N32: 0.158979 | O32: 0.17168 | P32: 0.118584 | Q32: =O32-P32 -> 0.053096 | R32: =((B32+N32)*$BJ$3*$BJ$4*10^-3)/$BJ$5 -> -312342.51 | S32: =((C32+N32)*$BJ$3*$BJ$4*10^-3)/$BJ$5 -> -312378.53 | T32: =((G32+N32)*$BJ$3*$BJ$4*10^-3)/$BJ$5 -> -312445.47 | U32: =((G32+N32)*$BJ$3*$BJ$4*10^-3)/$BJ$5 -> -312445.47 | V32: =((G32+P32)*$BJ$3*$BJ$4*10^-3)/$BJ$5 -> -312470.82 | W32: =((G32+P32)*$BJ$3*$BJ$4*10^-3)/$BJ$5+I32 -> -312470.82 | X32: =((G32+P32)*$BJ$3*$BJ$4*10^-3)/$BJ$5+J32 -> -312485.28 | Y32: =((G32+P32)*$BJ$3*$BJ$4*10^-3)/$BJ$5+K32 -> -312484.2 | AB32: =((G32+P32)*$BJ$3*$BJ$4*10^-3)/$BJ$5+L32 -> -312470.82
A33: U_OOH2_TS_T | C33: -497.98397 | E33: -498.07536 | G33: -498.09053 | J33: -12.28 | K33: -11.28 | N33: 0.158979 | O33: 0.17168 | P33: 0.118584 | Q33: =O33-P33 -> 0.053096 | R33: =((C33+N33)*$BJ$3*$BJ$4*10^-3)/$BJ$5 -> -312389.81 | S33: =((#REF!+N33)*$BJ$3*$BJ$4*10^-3)/$BJ$5 -> #REF! | T33: =((G33+N33)*$BJ$3*$BJ$4*10^-3)/$BJ$5 -> -312456.67 | U33: =((G33+N33)*$BJ$3*$BJ$4*10^-3)/$BJ$5 -> -312456.67 | V33: =((G33+P33)*$BJ$3*$BJ$4*10^-3)/$BJ$5 -> -312482.02 | W33: =((G33+P33)*$BJ$3*$BJ$4*10^-3)/$BJ$5+I33 -> -312482.02 | X33: =((G33+P33)*$BJ$3*$BJ$4*10^-3)/$BJ$5+J33 -> -312494.3 | Y33: =((G33+P33)*$BJ$3*$BJ$4*10^-3)/$BJ$5+K33 -> -312493.3 | AB33: =((G33+P33)*$BJ$3*$BJ$4*10^-3)/$BJ$5+L33 -> -312482.02
A34: OOH2_TS | B34: -497.94103 | C34: -497.96676 | E34: -498.05748 | G34: -498.07351 | J34: -18.65 | K34: -18.02 | M34: 376.29 | N34: 0.159914 | O34: 0.171799 | P34: 0.121721 | Q34: =O34-P34 -> 0.050078 | R34: =((C34+N34)*$BJ$3*$BJ$4*10^-3)/$BJ$5 -> -312378.42 | S34: =((#REF!+N34)*$BJ$3*$BJ$4*10^-3)/$BJ$5 -> #REF! | T34: =((G34+N34)*$BJ$3*$BJ$4*10^-3)/$BJ$5 -> -312445.4 | U34: =((G34+N34)*$BJ$3*$BJ$4*10^-3)/$BJ$5 -> -312445.4 | V34: =((G34+P34)*$BJ$3*$BJ$4*10^-3)/$BJ$5 -> -312469.37 | W34: =((G34+P34)*$BJ$3*$BJ$4*10^-3)/$BJ$5+I34 -> -312469.37 | X34: =((G34+P34)*$BJ$3*$BJ$4*10^-3)/$BJ$5+J34 -> -312488.02 | Y34: =((G34+P34)*$BJ$3*$BJ$4*10^-3)/$BJ$5+K34 -> -312487.39 | AB34: =((G34+P34)*$BJ$3*$BJ$4*10^-3)/$BJ$5+L34 -> -312469.37
A35: OOH2_TS_H2O_RC | C35: -574.41518 | E35: -574.52567 | G35: -574.54345 | J35: -14.97 | K35: -13.1 | N35: 0.19095 | O35: 0.204397 | P35: 0.149248 | Q35: =O35-P35 -> 0.055149 | R35: =((B35+N35)*$BJ$3*$BJ$4*10^-3)/$BJ$5 -> 119.8229 | S35: =((C35+N35)*$BJ$3*$BJ$4*10^-3)/$BJ$5 -> -360331.03 | T35: =((G35+N35)*$BJ$3*$BJ$4*10^-3)/$BJ$5 -> -360411.52 | U35: =((G35+N35)*$BJ$3*$BJ$4*10^-3)/$BJ$5 -> -360411.52 | V35: =((G35+P35)*$BJ$3*$BJ$4*10^-3)/$BJ$5 -> -360437.69 | W35: =((G35+P35)*$BJ$3*$BJ$4*10^-3)/$BJ$5+I35 -> -360437.69 | X35: =((G35+P35)*$BJ$3*$BJ$4*10^-3)/$BJ$5+J35 -> -360452.66 | Y35: =((G35+P35)*$BJ$3*$BJ$4*10^-3)/$BJ$5+K35 -> -360450.79 | AB35: =((G35+P35)*$BJ$3*$BJ$4*10^-3)/$BJ$5+L35 -> -360437.69
A36: OOH2_TS_H2O | C36: -574.38722 | E36: -574.497 | G36: -574.51492 | J36: -14.94 | K36: -13.2 | M36: 539.05 | N36: 0.185904 | O36: 0.198814 | P36: 0.146866 | Q36: =O36-P36 -> 0.051948 | R36: =((B36+N36)*$BJ$3*$BJ$4*10^-3)/$BJ$5 -> 116.65649 | S36: =((C36+N36)*$BJ$3*$BJ$4*10^-3)/$BJ$5 -> -360316.65 | T36: =((G36+N36)*$BJ$3*$BJ$4*10^-3)/$BJ$5 -> -360396.79 | U36: =((G36+N36)*$BJ$3*$BJ$4*10^-3)/$BJ$5 -> -360396.79 | V36: =((G36+P36)*$BJ$3*$BJ$4*10^-3)/$BJ$5 -> -360421.28 | W36: =((G36+P36)*$BJ$3*$BJ$4*10^-3)/$BJ$5+I36 -> -360421.28 | X36: =((G36+P36)*$BJ$3*$BJ$4*10^-3)/$BJ$5+J36 -> -360436.22 | Y36: =((G36+P36)*$BJ$3*$BJ$4*10^-3)/$BJ$5+K36 -> -360434.48 | AB36: =((G36+P36)*$BJ$3*$BJ$4*10^-3)/$BJ$5+L36 -> -360421.28
A37: OOH2_NA_TS | C37: -660.13177 | E37: -660.22543 | G37: -660.24103 | J37: -54.17 | K37: -52.86 | M37: 413.1 | N37: 0.161365 | O37: 0.17473 | P37: 0.121481 | Q37: =O37-P37 -> 0.053249 | R37: =((B37+N37)*$BJ$3*$BJ$4*10^-3)/$BJ$5 -> 101.25804 | S37: =((C37+N37)*$BJ$3*$BJ$4*10^-3)/$BJ$5 -> -414137.56 | T37: =((G37+N37)*$BJ$3*$BJ$4*10^-3)/$BJ$5 -> -414206.12 | U37: =((G37+N37)*$BJ$3*$BJ$4*10^-3)/$BJ$5 -> -414206.12 | V37: =((G37+P37)*$BJ$3*$BJ$4*10^-3)/$BJ$5 -> -414231.14 | W37: =((G37+P37)*$BJ$3*$BJ$4*10^-3)/$BJ$5+I37 -> -414231.14 | X37: =((G37+P37)*$BJ$3*$BJ$4*10^-3)/$BJ$5+J37 -> -414285.31 | Y37: =((G37+P37)*$BJ$3*$BJ$4*10^-3)/$BJ$5+K37 -> -414284 | AB37: =((G37+P37)*$BJ$3*$BJ$4*10^-3)/$BJ$5+L37 -> -414231.14
A38: OOH2_NA_TS_RC | C38: -660.15657 | E38: -660.25072 | G38: -660.26696 | J38: -55.92 | K38: -53.99 | N38: 0.165113 | O38: 0.17881 | P38: 0.124292 | Q38: =O38-P38 -> 0.054518 | R38: =((B38+N38)*$BJ$3*$BJ$4*10^-3)/$BJ$5 -> 103.60994 | S38: =((C38+N38)*$BJ$3*$BJ$4*10^-3)/$BJ$5 -> -414150.76 | T38: =((G38+N38)*$BJ$3*$BJ$4*10^-3)/$BJ$5 -> -414220.03 | U38: =((G38+N38)*$BJ$3*$BJ$4*10^-3)/$BJ$5 -> -414220.03 | V38: =((G38+P38)*$BJ$3*$BJ$4*10^-3)/$BJ$5 -> -414245.65 | W38: =((G38+P38)*$BJ$3*$BJ$4*10^-3)/$BJ$5+I38 -> -414245.65 | X38: =((G38+P38)*$BJ$3*$BJ$4*10^-3)/$BJ$5+J38 -> -414301.57 | Y38: =((G38+P38)*$BJ$3*$BJ$4*10^-3)/$BJ$5+K38 -> -414299.64 | AB38: =((G38+P38)*$BJ$3*$BJ$4*10^-3)/$BJ$5+L38 -> -414245.65
A39: H2O2_NA_TS_RC | C39: -660.21467 | E39: -660.30832 | G39: -660.32441 | J39: -48.83 | K39: -47.54 | N39: 0.165524 | O39: 0.179362 | P39: 0.124595 | Q39: =O39-P39 -> 0.054767 | R39: =((B39+N39)*$BJ$3*$BJ$4*10^-3)/$BJ$5 -> 103.86785 | S39: =((C39+N39)*$BJ$3*$BJ$4*10^-3)/$BJ$5 -> -414186.97 | T39: =((G39+N39)*$BJ$3*$BJ$4*10^-3)/$BJ$5 -> -414255.83 | U39: =((G39+N39)*$BJ$3*$BJ$4*10^-3)/$BJ$5 -> -414255.83 | V39: =((G39+P39)*$BJ$3*$BJ$4*10^-3)/$BJ$5 -> -414281.51 | W39: =((G39+P39)*$BJ$3*$BJ$4*10^-3)/$BJ$5+I39 -> -414281.51 | X39: =((G39+P39)*$BJ$3*$BJ$4*10^-3)/$BJ$5+J39 -> -414330.34 | Y39: =((G39+P39)*$BJ$3*$BJ$4*10^-3)/$BJ$5+K39 -> -414329.05 | AB39: =((G39+P39)*$BJ$3*$BJ$4*10^-3)/$BJ$5+L39 -> -414281.51
A40: H2O2_NA_TS | C40: -660.14879 | D40: 0.6788 | E40: -660.24201 | F40: 0.6849 | G40: -660.25706 | H40: 0.6847 | J40: -49.77 | K40: -49.77 | M40: 870.67 | N40: 0.155907 | O40: 0.169666 | P40: 0.115944 | Q40: =O40-P40 -> 0.053722 | R40: =((B40+N40)*$BJ$3*$BJ$4*10^-3)/$BJ$5 -> 97.83309 | S40: =((C40+N40)*$BJ$3*$BJ$4*10^-3)/$BJ$5 -> -414151.66 | T40: =((G40+N40)*$BJ$3*$BJ$4*10^-3)/$BJ$5 -> -414219.6 | U40: =((G40+N40)*$BJ$3*$BJ$4*10^-3)/$BJ$5 -> -414219.6 | V40: =((G40+P40)*$BJ$3*$BJ$4*10^-3)/$BJ$5 -> -414244.68 | W40: =((G40+P40)*$BJ$3*$BJ$4*10^-3)/$BJ$5+I40 -> -414244.68 | X40: =((G40+P40)*$BJ$3*$BJ$4*10^-3)/$BJ$5+J40 -> -414294.45 | Y40: =((G40+P40)*$BJ$3*$BJ$4*10^-3)/$BJ$5+K40 -> -414294.45 | AB40: =((G40+P40)*$BJ$3*$BJ$4*10^-3)/$BJ$5+L40 -> -414244.68
A41: H2O2_NA_TS_T | C41: -660.12987 | E41: -660.22298 | G41: -660.23806 | J41: -50.33 | M41: 870.67 | N41: 0.155907 | O41: 0.169666 | P41: 0.115944 | Q41: =O41-P41 -> 0.053722 | R41: =((B41+N41)*$BJ$3*$BJ$4*10^-3)/$BJ$5 -> 97.83309 | S41: =((C41+N41)*$BJ$3*$BJ$4*10^-3)/$BJ$5 -> -414139.79 | T41: =((G41+N41)*$BJ$3*$BJ$4*10^-3)/$BJ$5 -> -414207.68 | U41: =((G41+N41)*$BJ$3*$BJ$4*10^-3)/$BJ$5 -> -414207.68 | V41: =((G41+P41)*$BJ$3*$BJ$4*10^-3)/$BJ$5 -> -414232.76 | W41: =((G41+P41)*$BJ$3*$BJ$4*10^-3)/$BJ$5+I41 -> -414232.76 | X41: =((G41+P41)*$BJ$3*$BJ$4*10^-3)/$BJ$5+J41 -> -414283.09 | Y41: =((G41+P41)*$BJ$3*$BJ$4*10^-3)/$BJ$5+K41 -> -414232.76 | AB41: =((G41+P41)*$BJ$3*$BJ$4*10^-3)/$BJ$5+L41 -> -414232.76
A42: TS_O2_T | C42: -496.74305 | E42: -496.83328 | G42: -496.84898 | J42: -5.45 | K42: -4.35 | M42: 78.33 | N42: 0.135416 | O42: 0.146203 | P42: 0.096892 | Q42: =O42-P42 -> 0.049311 | R42: =((B42+N42)*$BJ$3*$BJ$4*10^-3)/$BJ$5 -> 84.974797 | S42: =((C42+N42)*$BJ$3*$BJ$4*10^-3)/$BJ$5 -> -311625.9 | T42: =((G42+N42)*$BJ$3*$BJ$4*10^-3)/$BJ$5 -> -311692.37 | U42: =((G42+N42)*$BJ$3*$BJ$4*10^-3)/$BJ$5 -> -311692.37 | V42: =((G42+P42)*$BJ$3*$BJ$4*10^-3)/$BJ$5 -> -311716.55 | W42: =((G42+P42)*$BJ$3*$BJ$4*10^-3)/$BJ$5+I42 -> -311716.55 | X42: =((G42+P42)*$BJ$3*$BJ$4*10^-3)/$BJ$5+J42 -> -311722 | Y42: =((G42+P42)*$BJ$3*$BJ$4*10^-3)/$BJ$5+K42 -> -311720.9 | AB42: =((G42+P42)*$BJ$3*$BJ$4*10^-3)/$BJ$5+L42 -> -311716.55
A43: TS_O2_RC_T | C43: -496.82315 | E43: -496.91412 | G43: -496.93069 | J43: -0.83 | K43: 0.02 | N43: 0.139644 | O43: 0.151462 | P43: 0.099681 | Q43: =O43-P43 -> 0.051781 | R43: =((B43+N43)*$BJ$3*$BJ$4*10^-3)/$BJ$5 -> 87.627906 | S43: =((C43+N43)*$BJ$3*$BJ$4*10^-3)/$BJ$5 -> -311673.51 | T43: =((G43+N43)*$BJ$3*$BJ$4*10^-3)/$BJ$5 -> -311741 | U43: =((G43+N43)*$BJ$3*$BJ$4*10^-3)/$BJ$5 -> -311741 | V43: =((G43+P43)*$BJ$3*$BJ$4*10^-3)/$BJ$5 -> -311766.07 | W43: =((G43+P43)*$BJ$3*$BJ$4*10^-3)/$BJ$5+I43 -> -311766.07 | X43: =((G43+P43)*$BJ$3*$BJ$4*10^-3)/$BJ$5+J43 -> -311766.9 | Y43: =((G43+P43)*$BJ$3*$BJ$4*10^-3)/$BJ$5+K43 -> -311766.05 | AB43: =((G43+P43)*$BJ$3*$BJ$4*10^-3)/$BJ$5+L43 -> -311766.07
A44: NA2O2_TS_RC | C44: -821.54502 | E44: -821.64202 | G44: -821.65688 | J44: -13.95 | K44: -12.06 | N44: 0.142086 | O44: 0.156296 | P44: 0.099802 | Q44: =O44-P44 -> 0.056494 | R44: =((B44+N44)*$BJ$3*$BJ$4*10^-3)/$BJ$5 -> 89.160284 | S44: =((C44+N44)*$BJ$3*$BJ$4*10^-3)/$BJ$5 -> -515437.97 | T44: =((G44+N44)*$BJ$3*$BJ$4*10^-3)/$BJ$5 -> -515508.16 | U44: =((G44+N44)*$BJ$3*$BJ$4*10^-3)/$BJ$5 -> -515508.16 | V44: =((G44+P44)*$BJ$3*$BJ$4*10^-3)/$BJ$5 -> -515534.69 | W44: =((G44+P44)*$BJ$3*$BJ$4*10^-3)/$BJ$5+I44 -> -515534.69 | X44: =((G44+P44)*$BJ$3*$BJ$4*10^-3)/$BJ$5+J44 -> -515548.64 | Y44: =((G44+P44)*$BJ$3*$BJ$4*10^-3)/$BJ$5+K44 -> -515546.75 | AB44: =((G44+P44)*$BJ$3*$BJ$4*10^-3)/$BJ$5+L44 -> -515534.69
A45: NA2O2_TS | C45: -821.50437 | E45: -821.60098 | G45: -821.61445 | J45: -15.52 | K45: -13.08 | M45: 787.59 | N45: 0.136005 | O45: 0.149488 | P45: 0.097186 | Q45: =O45-P45 -> 0.052302 | R45: =((B45+N45)*$BJ$3*$BJ$4*10^-3)/$BJ$5 -> 85.3444 | S45: =((C45+N45)*$BJ$3*$BJ$4*10^-3)/$BJ$5 -> -515416.27 | T45: =((G45+N45)*$BJ$3*$BJ$4*10^-3)/$BJ$5 -> -515485.35 | U45: =((G45+N45)*$BJ$3*$BJ$4*10^-3)/$BJ$5 -> -515485.35 | V45: =((G45+P45)*$BJ$3*$BJ$4*10^-3)/$BJ$5 -> -515509.71 | W45: =((G45+P45)*$BJ$3*$BJ$4*10^-3)/$BJ$5+I45 -> -515509.71 | X45: =((G45+P45)*$BJ$3*$BJ$4*10^-3)/$BJ$5+J45 -> -515525.23 | Y45: =((G45+P45)*$BJ$3*$BJ$4*10^-3)/$BJ$5+K45 -> -515522.79 | AB45: =((G45+P45)*$BJ$3*$BJ$4*10^-3)/$BJ$5+L45 -> -515509.71
A46: ONIOM/B2 BS_U_TS1 | B46: -267.02858 | C46: -497.98408 | D46: 0.6116 | E46: -498.07471 | F46: 0.6154 | G46: -498.09039 | H46: 0.6158 | I46: -14.68 | J46: -15.9 | K46: -13.66 | L46: -15.62 | M46: 1571.2 | N46: 0.151184 | O46: 0.164026 | P46: 0.111217 | Q46: =O46-P46 -> 0.052809 | R46: =((B46+N46)*$BJ$3*$BJ$4*10^-3)/$BJ$5 -> -167468.04 | S46: =((C46+N46)*$BJ$3*$BJ$4*10^-3)/$BJ$5 -> -312394.77 | T46: =((G46+N46)*$BJ$3*$BJ$4*10^-3)/$BJ$5 -> -312461.47 | U46: =((G46+N46)*$BJ$3*$BJ$4*10^-3)/$BJ$5 -> -312461.47 | V46: =((G46+P46)*$BJ$3*$BJ$4*10^-3)/$BJ$5 -> -312486.55 | W46: =((G46+P46)*$BJ$3*$BJ$4*10^-3)/$BJ$5+I46 -> -312501.23 | X46: =((G46+P46)*$BJ$3*$BJ$4*10^-3)/$BJ$5+J46 -> -312502.45 | Y46: =((G46+P46)*$BJ$3*$BJ$4*10^-3)/$BJ$5+K46 -> -312500.21 | Z46: =((E46+P46)*$BJ$3*$BJ$4*10^-3)/$BJ$5+K46 -> -312490.37 | AA46: =((C46+P46)*$BJ$3*$BJ$4*10^-3)/$BJ$5+K46 -> -312433.51 | AB46: =((G46+P46)*$BJ$3*$BJ$4*10^-3)/$BJ$5+L46 -> -312502.17
A47: ONIOM/B2 BS_U_TS1 (T SP) | C47: -497.95755 | E47: -498.04796 | G47: -498.06356 | I47: -14.7 | J47: -16.33 | K47: -13.71 | L47: -16.3 | N47: 0.151184 | O47: 0.164026 | P47: 0.111217 | Q47: =O47-P47 -> 0.052809 | R47: =((B47+N47)*$BJ$3*$BJ$4*10^-3)/$BJ$5 -> 94.869363 | S47: =((C47+N47)*$BJ$3*$BJ$4*10^-3)/$BJ$5 -> -312378.11 | T47: =((G47+N47)*$BJ$3*$BJ$4*10^-3)/$BJ$5 -> -312444.64 | U47: =((G47+N47)*$BJ$3*$BJ$4*10^-3)/$BJ$5 -> -312444.64 | V47: =((G47+P47)*$BJ$3*$BJ$4*10^-3)/$BJ$5 -> -312469.72 | W47: =((G47+P47)*$BJ$3*$BJ$4*10^-3)/$BJ$5+I47 -> -312484.42 | X47: =((G47+P47)*$BJ$3*$BJ$4*10^-3)/$BJ$5+J47 -> -312486.05 | Y47: =((G47+P47)*$BJ$3*$BJ$4*10^-3)/$BJ$5+K47 -> -312483.43 | Z47: =((E47+P47)*$BJ$3*$BJ$4*10^-3)/$BJ$5+K47 -> -312473.64 | AA47: =((C47+P47)*$BJ$3*$BJ$4*10^-3)/$BJ$5+K47 -> -312416.9 | AB47: =((G47+P47)*$BJ$3*$BJ$4*10^-3)/$BJ$5+L47 -> -312486.02
A48: ONIOM/B2 TS1_RC | B48: -267.10438 | C48: -498.05065 | E48: -498.1413 | G48: -498.15782 | I48: -10.61 | J48: -8.47 | K48: -7.49 | L48: -7.73 | N48: 0.162091 | O48: 0.174342 | P48: 0.121814 | Q48: =O48-P48 -> 0.052528 | R48: =((B48+N48)*$BJ$3*$BJ$4*10^-3)/$BJ$5 -> -167508.76 | S48: =((C48+N48)*$BJ$3*$BJ$4*10^-3)/$BJ$5 -> -312429.69 | T48: =((G48+N48)*$BJ$3*$BJ$4*10^-3)/$BJ$5 -> -312496.94 | U48: =((G48+N48)*$BJ$3*$BJ$4*10^-3)/$BJ$5 -> -312496.94 | V48: =((G48+P48)*$BJ$3*$BJ$4*10^-3)/$BJ$5 -> -312522.21 | W48: =((G48+P48)*$BJ$3*$BJ$4*10^-3)/$BJ$5+I48 -> -312532.82 | X48: =((G48+P48)*$BJ$3*$BJ$4*10^-3)/$BJ$5+J48 -> -312530.68 | Y48: =((G48+P48)*$BJ$3*$BJ$4*10^-3)/$BJ$5+K48 -> -312529.7 | Z48: =((E48+P48)*$BJ$3*$BJ$4*10^-3)/$BJ$5+K48 -> -312519.34 | AA48: =((C48+P48)*$BJ$3*$BJ$4*10^-3)/$BJ$5+K48 -> -312462.46 | AB48: =((G48+P48)*$BJ$3*$BJ$4*10^-3)/$BJ$5+L48 -> -312529.94
A49: ONIOM/B1 BS_U_TS1 | C49: -497.98453 | D49: 0.6276 | E49: -498.07514 | F49: 0.6314 | G49: -498.09073 | H49: 0.6325 | I49: -13.41 | J49: -14.79 | K49: -12.56 | L49: -14.68 | M49: 1772.93 | N49: 0.151939 | O49: 0.164573 | P49: 0.112749 | Q49: =O49-P49 -> 0.051824 | R49: =((B49+N49)*$BJ$3*$BJ$4*10^-3)/$BJ$5 -> 95.343133 | S49: =((C49+N49)*$BJ$3*$BJ$4*10^-3)/$BJ$5 -> -312394.57 | T49: =((G49+N49)*$BJ$3*$BJ$4*10^-3)/$BJ$5 -> -312461.21 | U49: =((G49+N49)*$BJ$3*$BJ$4*10^-3)/$BJ$5 -> -312461.21 | V49: =((G49+P49)*$BJ$3*$BJ$4*10^-3)/$BJ$5 -> -312485.81 | W49: =((G49+P49)*$BJ$3*$BJ$4*10^-3)/$BJ$5+I49 -> -312499.22 | X49: =((G49+P49)*$BJ$3*$BJ$4*10^-3)/$BJ$5+J49 -> -312500.6 | Y49: =((G49+P49)*$BJ$3*$BJ$4*10^-3)/$BJ$5+K49 -> -312498.37 | Z49: =((E49+P49)*$BJ$3*$BJ$4*10^-3)/$BJ$5+K49 -> -312488.58 | AA49: =((C49+P49)*$BJ$3*$BJ$4*10^-3)/$BJ$5+K49 -> -312431.73 | AB49: =((G49+P49)*$BJ$3*$BJ$4*10^-3)/$BJ$5+L49 -> -312500.49
A50: ONIOM/B1. BS_U_TS1 (T SP) | C50: -497.95841 | E50: -498.0489 | G50: -498.06445 | I50: -13.2 | J50: -14.74 | K50: -12.55 | L50: -14.79 | N50: 0.151939 | O50: 0.164573 | P50: 0.112749 | Q50: =O50-P50 -> 0.051824 | R50: =((B50+N50)*$BJ$3*$BJ$4*10^-3)/$BJ$5 -> 95.343133 | S50: =((C50+N50)*$BJ$3*$BJ$4*10^-3)/$BJ$5 -> -312378.18 | T50: =((G50+N50)*$BJ$3*$BJ$4*10^-3)/$BJ$5 -> -312444.72 | U50: =((G50+N50)*$BJ$3*$BJ$4*10^-3)/$BJ$5 -> -312444.72 | V50: =((G50+P50)*$BJ$3*$BJ$4*10^-3)/$BJ$5 -> -312469.32 | W50: =((G50+P50)*$BJ$3*$BJ$4*10^-3)/$BJ$5+I50 -> -312482.52 | X50: =((G50+P50)*$BJ$3*$BJ$4*10^-3)/$BJ$5+J50 -> -312484.06 | Y50: =((G50+P50)*$BJ$3*$BJ$4*10^-3)/$BJ$5+K50 -> -312481.87 | Z50: =((E50+P50)*$BJ$3*$BJ$4*10^-3)/$BJ$5+K50 -> -312472.11 | AA50: =((C50+P50)*$BJ$3*$BJ$4*10^-3)/$BJ$5+K50 -> -312415.32 | AB50: =((G50+P50)*$BJ$3*$BJ$4*10^-3)/$BJ$5+L50 -> -312484.11
A51: ONIOM/B1 TS1_RC | C51: -498.05047 | E51: -498.14147 | G51: -498.1579 | I51: -8.88 | J51: -7.61 | K51: -6.49 | L51: -7.04 | N51: 0.162725 | O51: 0.174675 | P51: 0.123322 | Q51: =O51-P51 -> 0.051353 | R51: =((B51+N51)*$BJ$3*$BJ$4*10^-3)/$BJ$5 -> 102.11145 | S51: =((C51+N51)*$BJ$3*$BJ$4*10^-3)/$BJ$5 -> -312429.18 | T51: =((G51+N51)*$BJ$3*$BJ$4*10^-3)/$BJ$5 -> -312496.59 | U51: =((G51+N51)*$BJ$3*$BJ$4*10^-3)/$BJ$5 -> -312496.59 | V51: =((G51+P51)*$BJ$3*$BJ$4*10^-3)/$BJ$5 -> -312521.32 | W51: =((G51+P51)*$BJ$3*$BJ$4*10^-3)/$BJ$5+I51 -> -312530.2 | X51: =((G51+P51)*$BJ$3*$BJ$4*10^-3)/$BJ$5+J51 -> -312528.93 | Y51: =((G51+P51)*$BJ$3*$BJ$4*10^-3)/$BJ$5+K51 -> -312527.81 | Z51: =((E51+P51)*$BJ$3*$BJ$4*10^-3)/$BJ$5+K51 -> -312517.5 | AA51: =((C51+P51)*$BJ$3*$BJ$4*10^-3)/$BJ$5+K51 -> -312460.4 | AB51: =((G51+P51)*$BJ$3*$BJ$4*10^-3)/$BJ$5+L51 -> -312528.36
A52: ONIOM/B2 TS1(-) | C52: -497.43551 | D52: 0.2314 | E52: -497.52567 | F52: 0.2139 | G52: -497.5404 | H52: 0.212 | J52: -62.83 | K52: -63.67 | M52: 415.74 | N52: 0.14141 | O52: 0.153769 | P52: 0.100935 | Q52: =O52-P52 -> 0.052834 | R52: =((B52+N52)*$BJ$3*$BJ$4*10^-3)/$BJ$5 -> 88.736088 | S52: =((C52+N52)*$BJ$3*$BJ$4*10^-3)/$BJ$5 -> -312056.66 | T52: =((G52+N52)*$BJ$3*$BJ$4*10^-3)/$BJ$5 -> -312122.48 | U52: =((G52+N52)*$BJ$3*$BJ$4*10^-3)/$BJ$5 -> -312122.48 | V52: =((G52+P52)*$BJ$3*$BJ$4*10^-3)/$BJ$5 -> -312147.88 | W52: =((G52+P52)*$BJ$3*$BJ$4*10^-3)/$BJ$5+I52 -> -312147.88 | X52: =((G52+P52)*$BJ$3*$BJ$4*10^-3)/$BJ$5+J52 -> -312210.71 | Y52: =((G52+P52)*$BJ$3*$BJ$4*10^-3)/$BJ$5+K52 -> -312211.55 | Z52: =((E52+P52)*$BJ$3*$BJ$4*10^-3)/$BJ$5+K52 -> -312202.31 | AA52: =((C52+P52)*$BJ$3*$BJ$4*10^-3)/$BJ$5+K52 -> -312145.73 | AB52: =((G52+P52)*$BJ$3*$BJ$4*10^-3)/$BJ$5+L52 -> -312147.88
A53: ONIOM/B2 TS1(-)_T | C53: -497.39301 | E53: -497.48276 | G53: -497.49762 | J53: -67.59 | K53: -67.51 | N53: 0.14141 | O53: 0.153769 | P53: 0.100935 | Q53: =O53-P53 -> 0.052834 | R53: =((B53+N53)*$BJ$3*$BJ$4*10^-3)/$BJ$5 -> 88.736088 | S53: =((C53+N53)*$BJ$3*$BJ$4*10^-3)/$BJ$5 -> -312029.99 | T53: =((G53+N53)*$BJ$3*$BJ$4*10^-3)/$BJ$5 -> -312095.64 | U53: =((G53+N53)*$BJ$3*$BJ$4*10^-3)/$BJ$5 -> -312095.64 | V53: =((G53+P53)*$BJ$3*$BJ$4*10^-3)/$BJ$5 -> -312121.04 | W53: =((G53+P53)*$BJ$3*$BJ$4*10^-3)/$BJ$5+I53 -> -312121.04 | X53: =((G53+P53)*$BJ$3*$BJ$4*10^-3)/$BJ$5+J53 -> -312188.63 | Y53: =((G53+P53)*$BJ$3*$BJ$4*10^-3)/$BJ$5+K53 -> -312188.55 | Z53: =((E53+P53)*$BJ$3*$BJ$4*10^-3)/$BJ$5+K53 -> -312179.22 | AA53: =((C53+P53)*$BJ$3*$BJ$4*10^-3)/$BJ$5+K53 -> -312122.9 | AB53: =((G53+P53)*$BJ$3*$BJ$4*10^-3)/$BJ$5+L53 -> -312121.04
A54: ONIOM/B2 TS1(-)_RC | C54: -497.48912 | E54: -497.57961 | G54: -497.59506 | J54: -56.45 | K54: -58.1 | N54: 0.147443 | O54: 0.158867 | P54: 0.108771 | Q54: =O54-P54 -> 0.050096 | R54: =((B54+N54)*$BJ$3*$BJ$4*10^-3)/$BJ$5 -> 92.521851 | S54: =((C54+N54)*$BJ$3*$BJ$4*10^-3)/$BJ$5 -> -312086.52 | T54: =((G54+N54)*$BJ$3*$BJ$4*10^-3)/$BJ$5 -> -312153 | U54: =((G54+N54)*$BJ$3*$BJ$4*10^-3)/$BJ$5 -> -312153 | V54: =((G54+P54)*$BJ$3*$BJ$4*10^-3)/$BJ$5 -> -312177.26 | W54: =((G54+P54)*$BJ$3*$BJ$4*10^-3)/$BJ$5+I54 -> -312177.26 | X54: =((G54+P54)*$BJ$3*$BJ$4*10^-3)/$BJ$5+J54 -> -312233.71 | Y54: =((G54+P54)*$BJ$3*$BJ$4*10^-3)/$BJ$5+K54 -> -312235.36 | Z54: =((E54+P54)*$BJ$3*$BJ$4*10^-3)/$BJ$5+K54 -> -312225.67 | AA54: =((C54+P54)*$BJ$3*$BJ$4*10^-3)/$BJ$5+K54 -> -312168.88 | AB54: =((G54+P54)*$BJ$3*$BJ$4*10^-3)/$BJ$5+L54 -> -312177.26
A55: ONIOM/B1 TS1(-) | C55: -497.43691 | D55: 0.3593 | E55: -497.52705 | F55: 0.3512 | G55: -497.54171 | H55: 0.3509 | J55: -61.2 | K55: -62.27 | M55: 412.27 | N55: 0.140926 | O55: 0.153309 | P55: 0.100097 | Q55: =O55-P55 -> 0.053212 | R55: =((B55+N55)*$BJ$3*$BJ$4*10^-3)/$BJ$5 -> 88.432373 | S55: =((C55+N55)*$BJ$3*$BJ$4*10^-3)/$BJ$5 -> -312057.84 | T55: =((G55+N55)*$BJ$3*$BJ$4*10^-3)/$BJ$5 -> -312123.61 | U55: =((G55+N55)*$BJ$3*$BJ$4*10^-3)/$BJ$5 -> -312123.61 | V55: =((G55+P55)*$BJ$3*$BJ$4*10^-3)/$BJ$5 -> -312149.23 | W55: =((G55+P55)*$BJ$3*$BJ$4*10^-3)/$BJ$5+I55 -> -312149.23 | X55: =((G55+P55)*$BJ$3*$BJ$4*10^-3)/$BJ$5+J55 -> -312210.43 | Y55: =((G55+P55)*$BJ$3*$BJ$4*10^-3)/$BJ$5+K55 -> -312211.5 | Z55: =((E55+P55)*$BJ$3*$BJ$4*10^-3)/$BJ$5+K55 -> -312202.3 | AA55: =((C55+P55)*$BJ$3*$BJ$4*10^-3)/$BJ$5+K55 -> -312145.73 | AB55: =((G55+P55)*$BJ$3*$BJ$4*10^-3)/$BJ$5+L55 -> -312149.23
A56: ONIOM/B1 TS1(-)_T | C56: -497.40327 | E56: -497.49326 | G56: -497.50807 | J56: -65.66 | K56: -66.7 | N56: 0.140926 | O56: 0.153309 | P56: 0.100097 | Q56: =O56-P56 -> 0.053212 | R56: =((B56+N56)*$BJ$3*$BJ$4*10^-3)/$BJ$5 -> 88.432373 | S56: =((C56+N56)*$BJ$3*$BJ$4*10^-3)/$BJ$5 -> -312036.74 | T56: =((G56+N56)*$BJ$3*$BJ$4*10^-3)/$BJ$5 -> -312102.5 | U56: =((G56+N56)*$BJ$3*$BJ$4*10^-3)/$BJ$5 -> -312102.5 | V56: =((G56+P56)*$BJ$3*$BJ$4*10^-3)/$BJ$5 -> -312128.12 | W56: =((G56+P56)*$BJ$3*$BJ$4*10^-3)/$BJ$5+I56 -> -312128.12 | X56: =((G56+P56)*$BJ$3*$BJ$4*10^-3)/$BJ$5+J56 -> -312193.78 | Y56: =((G56+P56)*$BJ$3*$BJ$4*10^-3)/$BJ$5+K56 -> -312194.82 | Z56: =((E56+P56)*$BJ$3*$BJ$4*10^-3)/$BJ$5+K56 -> -312185.53 | AA56: =((C56+P56)*$BJ$3*$BJ$4*10^-3)/$BJ$5+K56 -> -312129.06 | AB56: =((G56+P56)*$BJ$3*$BJ$4*10^-3)/$BJ$5+L56 -> -312128.12
A57: ONIOM/B1 TS1(-)_RC | E57: -497.57952 | G57: -497.59479 | J57: -56.56 | K57: -58.18 | N57: 0.148239 | O57: 0.159453 | P57: 0.110186 | Q57: =O57-P57 -> 0.049267 | R57: =((B57+N57)*$BJ$3*$BJ$4*10^-3)/$BJ$5 -> 93.021348 | S57: =((C57+N57)*$BJ$3*$BJ$4*10^-3)/$BJ$5 -> 93.021348 | T57: =((G57+N57)*$BJ$3*$BJ$4*10^-3)/$BJ$5 -> -312152.33 | U57: =((G57+N57)*$BJ$3*$BJ$4*10^-3)/$BJ$5 -> -312152.33 | V57: =((G57+P57)*$BJ$3*$BJ$4*10^-3)/$BJ$5 -> -312176.21 | W57: =((G57+P57)*$BJ$3*$BJ$4*10^-3)/$BJ$5+I57 -> -312176.21 | X57: =((G57+P57)*$BJ$3*$BJ$4*10^-3)/$BJ$5+J57 -> -312232.77 | Y57: =((G57+P57)*$BJ$3*$BJ$4*10^-3)/$BJ$5+K57 -> -312234.39 | Z57: =((E57+P57)*$BJ$3*$BJ$4*10^-3)/$BJ$5+K57 -> -312224.81 | AA57: =((C57+P57)*$BJ$3*$BJ$4*10^-3)/$BJ$5+K57 -> 10.962738 | AB57: =((G57+P57)*$BJ$3*$BJ$4*10^-3)/$BJ$5+L57 -> -312176.21
D60: =X18-X15 -> 20.777131
D61: =X45-X44 -> 23.41101
D62: =D60+D61 -> 44.188141
A65: M052X/B1 | B65: M052X/B1 | C65: M052X/B2 | E65: M052X/B4 | F65: M052X/B3 S^2 | G65: M052X/B1 UAKS | H65: M052X/B1 BONDI | I65: M052X/B1 PAULING | J65: M052X/B1 v (1/cm) | K65: M052X/B1 ZPVE(corr) | L65: M052X/B1 H(corr) | M65: M052X/B1 G(corr) | N65: M052X/B1 -TS(corr) | O65: M052X/B1 Ee+ZPVE (kCal/mol) | P65: M052X/B2Ee+ZPVE (kCal/mol) | Q65: M052X/B3 Ee+ZPVE (kCal/mol) | R65: M052X/B3 H (kCal/mol) | S65: M052X/B3 G (kCal/mol) | T65: M052X/B3 G+UAKS (kCal/mol) | U65: M052X/B3 G+Bondi (kCal/mol) | V65: M052X/B3 G+Pauling (kCal/mol)
A66: BnOH | B66: -346.74015 | C66: -346.7565 | E66: -346.85367 | G66: -7.36 | H66: -5.91 | I66: -4.49 | K66: 0.136019 | L66: 0.143934 | M66: 0.104296 | N66: =L66-M66 -> 0.039638 | O66: =((B66+K66)*$BJ$3*$BJ$4*10^-3)/$BJ$5 -> -217497.31 | P66: =((C66+K66)*$BJ$3*$BJ$4*10^-3)/$BJ$5 -> -217507.57 | Q66: =((E66+K66)*$BJ$3*$BJ$4*10^-3)/$BJ$5 -> -217568.54 | R66: =((E66+K66)*$BJ$3*$BJ$4*10^-3)/$BJ$5 -> -217568.54 | S66: =((E66+M66)*$BJ$3*$BJ$4*10^-3)/$BJ$5 -> -217588.45 | T66: =((E66+M66)*$BJ$3*$BJ$4*10^-3)/$BJ$5+G66 -> -217595.81 | U66: =((E66+M66)*$BJ$3*$BJ$4*10^-3)/$BJ$5+H66 -> -217594.36 | V66: =((E66+M66)*$BJ$3*$BJ$4*10^-3)/$BJ$5+I66 -> -217592.94
A67: MeOBnOH | B67: -461.2509 | C67: -461.26974 | E67: -461.40417 | G67: -8.95 | H67: -7.72 | I67: -6.77 | K67: 0.169512 | L67: 0.179934 | M67: 0.134183 | N67: =L67-M67 -> 0.045751 | O67: =((B67+K67)*$BJ$3*$BJ$4*10^-3)/$BJ$5 -> -289332.85 | P67: =((C67+K67)*$BJ$3*$BJ$4*10^-3)/$BJ$5 -> -289344.68 | Q67: =((E67+K67)*$BJ$3*$BJ$4*10^-3)/$BJ$5 -> -289429.03 | R67: =((E67+K67)*$BJ$3*$BJ$4*10^-3)/$BJ$5 -> -289429.03 | S67: =((E67+M67)*$BJ$3*$BJ$4*10^-3)/$BJ$5 -> -289451.2 | T67: =((E67+M67)*$BJ$3*$BJ$4*10^-3)/$BJ$5+G67 -> -289460.15 | U67: =((E67+M67)*$BJ$3*$BJ$4*10^-3)/$BJ$5+H67 -> -289458.92 | V67: =((E67+M67)*$BJ$3*$BJ$4*10^-3)/$BJ$5+I67 -> -289457.97
A68: H2O2 | B68: -151.51446 | C68: -151.52512 | E68: -151.57981 | G68: -12.47 | H68: -10.46 | I68: -11.03 | K68: 0.027146 | L68: 0.031281 | M68: 0.004895 | N68: =L68-M68 -> 0.026386 | O68: =((B68+K68)*$BJ$3*$BJ$4*10^-3)/$BJ$5 -> -95059.696 | P68: =((C68+K68)*$BJ$3*$BJ$4*10^-3)/$BJ$5 -> -95066.387 | Q68: =((E68+K68)*$BJ$3*$BJ$4*10^-3)/$BJ$5 -> -95100.702 | R68: =((E68+K68)*$BJ$3*$BJ$4*10^-3)/$BJ$5 -> -95100.702 | S68: =((E68+M68)*$BJ$3*$BJ$4*10^-3)/$BJ$5 -> -95114.665 | T68: =((E68+M68)*$BJ$3*$BJ$4*10^-3)/$BJ$5+G68 -> -95127.135 | U68: =((E68+M68)*$BJ$3*$BJ$4*10^-3)/$BJ$5+H68 -> -95125.125 | V68: =((E68+M68)*$BJ$3*$BJ$4*10^-3)/$BJ$5+I68 -> -95125.695
A69: HO2Na | B69: -313.22888 | C69: -313.23422 | E69: -313.29321 | G69: -32.7 | H69: -23.2 | I69: -44.28 | K69: 0.015762 | L69: 0.020944 | M69: -0.010393 | N69: =L69-M69 -> 0.031337 | O69: =((B69+K69)*$BJ$3*$BJ$4*10^-3)/$BJ$5 -> -196544.14 | P69: =((C69+K69)*$BJ$3*$BJ$4*10^-3)/$BJ$5 -> -196547.49 | Q69: =((E69+K69)*$BJ$3*$BJ$4*10^-3)/$BJ$5 -> -196584.51 | R69: =((E69+K69)*$BJ$3*$BJ$4*10^-3)/$BJ$5 -> -196584.51 | S69: =((E69+M69)*$BJ$3*$BJ$4*10^-3)/$BJ$5 -> -196600.92 | T69: =((E69+M69)*$BJ$3*$BJ$4*10^-3)/$BJ$5+G69 -> -196633.62 | U69: =((E69+M69)*$BJ$3*$BJ$4*10^-3)/$BJ$5+H69 -> -196624.12 | V69: =((E69+M69)*$BJ$3*$BJ$4*10^-3)/$BJ$5+I69 -> -196645.2
A70: TS1(NA)_BnOH_RC | B70: -660.01521 | C70: -660.03754 | E70: -660.19189 | G70: -19.1 | H70: -15.52 | I70: -25.84 | K70: 0.153082 | L70: 0.166011 | M70: 0.113794 | N70: =L70-M70 -> 0.052217 | O70: =((B70+K70)*$BJ$3*$BJ$4*10^-3)/$BJ$5 -> -414069.61 | P70: =((C70+K70)*$BJ$3*$BJ$4*10^-3)/$BJ$5 -> -414083.62 | Q70: =((E70+K70)*$BJ$3*$BJ$4*10^-3)/$BJ$5 -> -414180.48 | R70: =((E70+K70)*$BJ$3*$BJ$4*10^-3)/$BJ$5 -> -414180.48 | S70: =((E70+M70)*$BJ$3*$BJ$4*10^-3)/$BJ$5 -> -414205.13 | T70: =((E70+M70)*$BJ$3*$BJ$4*10^-3)/$BJ$5+G70 -> -414224.23 | U70: =((E70+M70)*$BJ$3*$BJ$4*10^-3)/$BJ$5+H70 -> -414220.65 | V70: =((E70+M70)*$BJ$3*$BJ$4*10^-3)/$BJ$5+I70 -> -414230.97
A71: TS1(NA)_BnOH_TS | B71: -659.94791 | C71: -659.96978 | E71: -660.12392 | G71: -20.06 | H71: -12.88 | I71: -25.38 | J71: 965.95 | K71: 0.14797 | L71: 0.160373 | M71: 0.108864 | N71: =L71-M71 -> 0.051509 | O71: =((B71+K71)*$BJ$3*$BJ$4*10^-3)/$BJ$5 -> -414030.59 | P71: =((C71+K71)*$BJ$3*$BJ$4*10^-3)/$BJ$5 -> -414044.31 | Q71: =((E71+K71)*$BJ$3*$BJ$4*10^-3)/$BJ$5 -> -414141.04 | R71: =((E71+K71)*$BJ$3*$BJ$4*10^-3)/$BJ$5 -> -414141.04 | S71: =((E71+M71)*$BJ$3*$BJ$4*10^-3)/$BJ$5 -> -414165.58 | T71: =((E71+M71)*$BJ$3*$BJ$4*10^-3)/$BJ$5+G71 -> -414185.64 | U71: =((E71+M71)*$BJ$3*$BJ$4*10^-3)/$BJ$5+H71 -> -414178.46 | V71: =((E71+M71)*$BJ$3*$BJ$4*10^-3)/$BJ$5+I71 -> -414190.96
A72: TS1(NA)_MeOBnOH_RC | B72: -774.5259 | C72: -774.55068 | E72: -774.74229 | G72: -20.34 | H72: -17 | I72: -28.05 | K72: 0.186545 | L72: 0.201997 | M72: 0.143533 | N72: =L72-M72 -> 0.058464 | O72: =((B72+K72)*$BJ$3*$BJ$4*10^-3)/$BJ$5 -> -485905.13 | P72: =((C72+K72)*$BJ$3*$BJ$4*10^-3)/$BJ$5 -> -485920.68 | Q72: =((E72+K72)*$BJ$3*$BJ$4*10^-3)/$BJ$5 -> -486040.92 | R72: =((E72+K72)*$BJ$3*$BJ$4*10^-3)/$BJ$5 -> -486040.92 | S72: =((E72+M72)*$BJ$3*$BJ$4*10^-3)/$BJ$5 -> -486067.91 | T72: =((E72+M72)*$BJ$3*$BJ$4*10^-3)/$BJ$5+G72 -> -486088.25 | U72: =((E72+M72)*$BJ$3*$BJ$4*10^-3)/$BJ$5+H72 -> -486084.91 | V72: =((E72+M72)*$BJ$3*$BJ$4*10^-3)/$BJ$5+I72 -> -486095.96
A73: TS1(NA)_MeOBnOH_TS | B73: -774.45812 | C73: -774.48243 | E73: -774.67386 | G73: -21.94 | H73: -14.77 | I73: -27.62 | J73: 925.28 | K73: 0.181417 | L73: 0.19638 | M73: 0.138713 | N73: =L73-M73 -> 0.057667 | O73: =((B73+K73)*$BJ$3*$BJ$4*10^-3)/$BJ$5 -> -485865.82 | P73: =((C73+K73)*$BJ$3*$BJ$4*10^-3)/$BJ$5 -> -485881.07 | Q73: =((E73+K73)*$BJ$3*$BJ$4*10^-3)/$BJ$5 -> -486001.19 | R73: =((E73+K73)*$BJ$3*$BJ$4*10^-3)/$BJ$5 -> -486001.19 | S73: =((E73+M73)*$BJ$3*$BJ$4*10^-3)/$BJ$5 -> -486027.99 | T73: =((E73+M73)*$BJ$3*$BJ$4*10^-3)/$BJ$5+G73 -> -486049.93 | U73: =((E73+M73)*$BJ$3*$BJ$4*10^-3)/$BJ$5+H73 -> -486042.76 | V73: =((E73+M73)*$BJ$3*$BJ$4*10^-3)/$BJ$5+I73 -> -486055.61
A74: BS_U_TS1 | B74: -498.18744 | C74: -498.21696 | E74: -498.36641 | F74: 0.607 | G74: -12.36 | H74: -13.63 | I74: -13.3 | J74: 1533.55 | K74: 0.155614 | L74: 0.167912 | M74: 0.117138 | N74: =L74-M74 -> 0.050774 | O74: =((B74+K74)*$BJ$3*$BJ$4*10^-3)/$BJ$5 -> -312519.59 | P74: =((C74+K74)*$BJ$3*$BJ$4*10^-3)/$BJ$5 -> -312538.12 | Q74: =((E74+K74)*$BJ$3*$BJ$4*10^-3)/$BJ$5 -> -312631.9 | R74: =((E74+K74)*$BJ$3*$BJ$4*10^-3)/$BJ$5 -> -312631.9 | S74: =((E74+M74)*$BJ$3*$BJ$4*10^-3)/$BJ$5 -> -312656.04 | T74: =((E74+M74)*$BJ$3*$BJ$4*10^-3)/$BJ$5+G74 -> -312668.4 | U74: =((E74+M74)*$BJ$3*$BJ$4*10^-3)/$BJ$5+H74 -> -312669.67 | V74: =((E74+M74)*$BJ$3*$BJ$4*10^-3)/$BJ$5+I74 -> -312669.34
A75: BS_U_TS1 (T single point) | C75: -498.18378 | E75: -498.33319 | G75: -12.49 | H75: -14.59 | I75: -14.77 | K75: 0.155614 | L75: 0.167912 | M75: 0.117138 | N75: =L75-M75 -> 0.050774 | O75: =((B75+K75)*$BJ$3*$BJ$4*10^-3)/$BJ$5 -> 97.649229 | P75: =((C75+K75)*$BJ$3*$BJ$4*10^-3)/$BJ$5 -> -312517.29 | Q75: =((E75+K75)*$BJ$3*$BJ$4*10^-3)/$BJ$5 -> -312611.05 | R75: =((E75+K75)*$BJ$3*$BJ$4*10^-3)/$BJ$5 -> -312611.05 | S75: =((E75+M75)*$BJ$3*$BJ$4*10^-3)/$BJ$5 -> -312635.2 | T75: =((E75+M75)*$BJ$3*$BJ$4*10^-3)/$BJ$5+G75 -> -312647.69 | U75: =((E75+M75)*$BJ$3*$BJ$4*10^-3)/$BJ$5+H75 -> -312649.79 | V75: =((E75+M75)*$BJ$3*$BJ$4*10^-3)/$BJ$5+I75 -> -312649.97
A76: TS1_RC | B76: -498.27191 | C76: -498.298 | E76: -498.44904 | G76: -7.19 | H76: -8.03 | I76: -7.47 | K76: 0.166602 | L76: 0.178168 | M76: 0.129363 | N76: =L76-M76 -> 0.048805 | O76: =((B76+K76)*$BJ$3*$BJ$4*10^-3)/$BJ$5 -> -312565.71 | P76: =((C76+K76)*$BJ$3*$BJ$4*10^-3)/$BJ$5 -> -312582.08 | Q76: =((E76+K76)*$BJ$3*$BJ$4*10^-3)/$BJ$5 -> -312676.86 | R76: =((E76+K76)*$BJ$3*$BJ$4*10^-3)/$BJ$5 -> -312676.86 | S76: =((E76+M76)*$BJ$3*$BJ$4*10^-3)/$BJ$5 -> -312700.23 | T76: =((E76+M76)*$BJ$3*$BJ$4*10^-3)/$BJ$5+G76 -> -312707.42 | U76: =((E76+M76)*$BJ$3*$BJ$4*10^-3)/$BJ$5+H76 -> -312708.26 | V76: =((E76+M76)*$BJ$3*$BJ$4*10^-3)/$BJ$5+I76 -> -312707.7
N77: =L77-M77 -> 0 | O77: =((B77+K77)*$BJ$3*$BJ$4*10^-3)/$BJ$5 -> 0 | P77: =((C77+K77)*$BJ$3*$BJ$4*10^-3)/$BJ$5 -> 0 | Q77: =((E77+K77)*$BJ$3*$BJ$4*10^-3)/$BJ$5 -> 0 | R77: =((E77+K77)*$BJ$3*$BJ$4*10^-3)/$BJ$5 -> 0 | S77: =((E77+M77)*$BJ$3*$BJ$4*10^-3)/$BJ$5 -> 0 | T77: =((E77+M77)*$BJ$3*$BJ$4*10^-3)/$BJ$5+G77 -> 0 | U77: =((E77+M77)*$BJ$3*$BJ$4*10^-3)/$BJ$5+H77 -> 0 | V77: =((E77+M77)*$BJ$3*$BJ$4*10^-3)/$BJ$5+I77 -> 0
A80: B3LYP/B1 | B80: B3LYP/B1 | C80: B3LYP/B2 | E80: B3LYP/B3 | F80: B3LYP/B3 S^2 | G80: B3LYP/B1 UAKS | H80: B3LYP/B1 BONDI | I80: B3LYP/B1 PAULING | J80: B3LYP/B1 v (1/cm) | K80: B3LYP/B1 ZPVE(corr) | L80: B3LYP/B1 H(corr) | M80: B3LYP/B1 G(corr) | N80: B3LYP/B1 -TS(corr) | O80: B3LYP/B1 Ee+ZPVE (kCal/mol) | P80: B3LYP/B2Ee+ZPVE (kCal/mol) | Q80: B3LYP/B3 Ee+ZPVE (kCal/mol) | R80: B3LYP/B3 H (kCal/mol) | S80: B3LYP/B3 G (kCal/mol) | T80: B3LYP/B3 G+UAKS (kCal/mol) | U80: B3LYP/B3 G+Bondi (kCal/mol) | V80: B3LYP/B3 G+Pauling (kCal/mol)
A81: BnOH | B81: -346.78831 | C81: -346.80435 | E81: -346.89741 | G81: -6.77 | H81: -5.12 | I81: -4.34 | K81: 0.133352 | L81: 0.141368 | M81: 0.101318 | N81: =L81-M81 -> 0.04005 | O81: =((B81+K81)*$BJ$3*$BJ$4*10^-3)/$BJ$5 -> -217529.2 | P81: =((C81+K81)*$BJ$3*$BJ$4*10^-3)/$BJ$5 -> -217539.27 | Q81: =((E81+K81)*$BJ$3*$BJ$4*10^-3)/$BJ$5 -> -217597.67 | R81: =((E81+K81)*$BJ$3*$BJ$4*10^-3)/$BJ$5 -> -217597.67 | S81: =((E81+M81)*$BJ$3*$BJ$4*10^-3)/$BJ$5 -> -217617.77 | T81: =((E81+M81)*$BJ$3*$BJ$4*10^-3)/$BJ$5+G81 -> -217624.54 | U81: =((E81+M81)*$BJ$3*$BJ$4*10^-3)/$BJ$5+H81 -> -217622.89 | V81: =((E81+M81)*$BJ$3*$BJ$4*10^-3)/$BJ$5+I81 -> -217622.11
A82: MeOBnOH | B82: -461.31496 | C82: -461.33331 | E82: -461.46155 | G82: -8.25 | H82: -6.57 | I82: -5.43 | K82: 0.16598 | L82: 0.176582 | M82: 0.130407 | N82: =L82-M82 -> 0.046175 | O82: =((B82+K82)*$BJ$3*$BJ$4*10^-3)/$BJ$5 -> -289375.27 | P82: =((C82+K82)*$BJ$3*$BJ$4*10^-3)/$BJ$5 -> -289386.78 | Q82: =((E82+K82)*$BJ$3*$BJ$4*10^-3)/$BJ$5 -> -289467.25 | R82: =((E82+K82)*$BJ$3*$BJ$4*10^-3)/$BJ$5 -> -289467.25 | S82: =((E82+M82)*$BJ$3*$BJ$4*10^-3)/$BJ$5 -> -289489.58 | T82: =((E82+M82)*$BJ$3*$BJ$4*10^-3)/$BJ$5+G82 -> -289497.83 | U82: =((E82+M82)*$BJ$3*$BJ$4*10^-3)/$BJ$5+H82 -> -289496.15 | V82: =((E82+M82)*$BJ$3*$BJ$4*10^-3)/$BJ$5+I82 -> -289495.01
A83: H2O2 | B83: -151.54771 | C83: -151.55839 | E83: -151.6108 | G83: -12.21 | H83: -9.95 | I83: -10.45 | K83: 0.02626 | L83: 0.030427 | M83: 0.003949 | N83: =L83-M83 -> 0.026478 | O83: =((B83+K83)*$BJ$3*$BJ$4*10^-3)/$BJ$5 -> -95081.115 | P83: =((C83+K83)*$BJ$3*$BJ$4*10^-3)/$BJ$5 -> -95087.818 | Q83: =((E83+K83)*$BJ$3*$BJ$4*10^-3)/$BJ$5 -> -95120.708 | R83: =((E83+K83)*$BJ$3*$BJ$4*10^-3)/$BJ$5 -> -95120.708 | S83: =((E83+M83)*$BJ$3*$BJ$4*10^-3)/$BJ$5 -> -95134.708 | T83: =((E83+M83)*$BJ$3*$BJ$4*10^-3)/$BJ$5+G83 -> -95146.918 | U83: =((E83+M83)*$BJ$3*$BJ$4*10^-3)/$BJ$5+H83 -> -95144.658 | V83: =((E83+M83)*$BJ$3*$BJ$4*10^-3)/$BJ$5+I83 -> -95145.158
A84: HO2Na | B84: -313.27291 | C84: -313.27828 | E84: -313.33522 | G84: -31.86 | H84: -21.98 | I84: -42.59 | K84: 0.015302 | L84: 0.020419 | M84: -0.010653 | N84: =L84-M84 -> 0.031072 | O84: =((B84+K84)*$BJ$3*$BJ$4*10^-3)/$BJ$5 -> -196572.06 | P84: =((C84+K84)*$BJ$3*$BJ$4*10^-3)/$BJ$5 -> -196575.42 | Q84: =((E84+K84)*$BJ$3*$BJ$4*10^-3)/$BJ$5 -> -196611.16 | R84: =((E84+K84)*$BJ$3*$BJ$4*10^-3)/$BJ$5 -> -196611.16 | S84: =((E84+M84)*$BJ$3*$BJ$4*10^-3)/$BJ$5 -> -196627.45 | T84: =((E84+M84)*$BJ$3*$BJ$4*10^-3)/$BJ$5+G84 -> -196659.31 | U84: =((E84+M84)*$BJ$3*$BJ$4*10^-3)/$BJ$5+H84 -> -196649.43 | V84: =((E84+M84)*$BJ$3*$BJ$4*10^-3)/$BJ$5+I84 -> -196670.04
A85: TS1(NA)_BnOH_RC | B85: -660.09835 | C85: -660.11974 | E85: -660.26798 | G85: -19.44 | H85: -13.94 | I85: -25.35 | K85: 0.150351 | L85: 0.163542 | M85: 0.109648 | N85: =L85-M85 -> 0.053894 | O85: =((B85+K85)*$BJ$3*$BJ$4*10^-3)/$BJ$5 -> -414123.49 | P85: =((C85+K85)*$BJ$3*$BJ$4*10^-3)/$BJ$5 -> -414136.92 | Q85: =((E85+K85)*$BJ$3*$BJ$4*10^-3)/$BJ$5 -> -414229.94 | R85: =((E85+K85)*$BJ$3*$BJ$4*10^-3)/$BJ$5 -> -414229.94 | S85: =((E85+M85)*$BJ$3*$BJ$4*10^-3)/$BJ$5 -> -414255.48 | T85: =((E85+M85)*$BJ$3*$BJ$4*10^-3)/$BJ$5+G85 -> -414274.92 | U85: =((E85+M85)*$BJ$3*$BJ$4*10^-3)/$BJ$5+H85 -> -414269.42 | V85: =((E85+M85)*$BJ$3*$BJ$4*10^-3)/$BJ$5+I85 -> -414280.83
A86: TS1(NA)_BnOH_TS | B86: -660.0585 | C86: -660.0797 | E86: -660.22834 | G86: -22.95 | H86: -13.27 | I86: -26.04 | J86: 351.68 | K86: 0.145862 | L86: 0.158692 | M86: 0.10604 | N86: =L86-M86 -> 0.052652 | O86: =((B86+K86)*$BJ$3*$BJ$4*10^-3)/$BJ$5 -> -414101.31 | P86: =((C86+K86)*$BJ$3*$BJ$4*10^-3)/$BJ$5 -> -414114.61 | Q86: =((E86+K86)*$BJ$3*$BJ$4*10^-3)/$BJ$5 -> -414207.88 | R86: =((E86+K86)*$BJ$3*$BJ$4*10^-3)/$BJ$5 -> -414207.88 | S86: =((E86+M86)*$BJ$3*$BJ$4*10^-3)/$BJ$5 -> -414232.87 | T86: =((E86+M86)*$BJ$3*$BJ$4*10^-3)/$BJ$5+G86 -> -414255.82 | U86: =((E86+M86)*$BJ$3*$BJ$4*10^-3)/$BJ$5+H86 -> -414246.14 | V86: =((E86+M86)*$BJ$3*$BJ$4*10^-3)/$BJ$5+I86 -> -414258.91
A87: TS1(NA)_MeOBnOH_RC | B87: -774.62503 | C87: -774.64871 | E87: -774.83215 | G87: -21.14 | H87: -15.52 | I87: -27.13 | K87: 0.183051 | L87: 0.198809 | M87: 0.139293 | N87: =L87-M87 -> 0.059516 | O87: =((B87+K87)*$BJ$3*$BJ$4*10^-3)/$BJ$5 -> -485969.53 | P87: =((C87+K87)*$BJ$3*$BJ$4*10^-3)/$BJ$5 -> -485984.39 | Q87: =((E87+K87)*$BJ$3*$BJ$4*10^-3)/$BJ$5 -> -486099.5 | R87: =((E87+K87)*$BJ$3*$BJ$4*10^-3)/$BJ$5 -> -486099.5 | S87: =((E87+M87)*$BJ$3*$BJ$4*10^-3)/$BJ$5 -> -486126.96 | T87: =((E87+M87)*$BJ$3*$BJ$4*10^-3)/$BJ$5+G87 -> -486148.1 | U87: =((E87+M87)*$BJ$3*$BJ$4*10^-3)/$BJ$5+H87 -> -486142.48 | V87: =((E87+M87)*$BJ$3*$BJ$4*10^-3)/$BJ$5+I87 -> -486154.09
A88: TS1(NA)_MeOBnOH_TS | B88: -774.58431 | C88: -774.60776 | E88: -774.79163 | G88: -25.03 | H88: -15.39 | I88: -28.38 | J88: 344.14 | K88: 0.178542 | L88: 0.19403 | M88: 0.135008 | N88: =L88-M88 -> 0.059022 | O88: =((B88+K88)*$BJ$3*$BJ$4*10^-3)/$BJ$5 -> -485946.8 | P88: =((C88+K88)*$BJ$3*$BJ$4*10^-3)/$BJ$5 -> -485961.52 | Q88: =((E88+K88)*$BJ$3*$BJ$4*10^-3)/$BJ$5 -> -486076.9 | R88: =((E88+K88)*$BJ$3*$BJ$4*10^-3)/$BJ$5 -> -486076.9 | S88: =((E88+M88)*$BJ$3*$BJ$4*10^-3)/$BJ$5 -> -486104.22 | T88: =((E88+M88)*$BJ$3*$BJ$4*10^-3)/$BJ$5+G88 -> -486129.25 | U88: =((E88+M88)*$BJ$3*$BJ$4*10^-3)/$BJ$5+H88 -> -486119.61 | V88: =((E88+M88)*$BJ$3*$BJ$4*10^-3)/$BJ$5+I88 -> -486132.6
A89: TS1(NA)_MeOH_RC | B89: -429.0346 | C89: -429.04936 | E89: -429.14112 | K89: 0.068901 | L89: 0.077971 | M89: 0.035984 | N89: =L89-M89 -> 0.041987 | O89: =((B89+K89)*$BJ$3*$BJ$4*10^-3)/$BJ$5 -> -269179.96 | P89: =((C89+K89)*$BJ$3*$BJ$4*10^-3)/$BJ$5 -> -269189.22 | Q89: =((E89+K89)*$BJ$3*$BJ$4*10^-3)/$BJ$5 -> -269246.8 | R89: =((E89+K89)*$BJ$3*$BJ$4*10^-3)/$BJ$5 -> -269246.8 | S89: =((E89+M89)*$BJ$3*$BJ$4*10^-3)/$BJ$5 -> -269267.46 | T89: =((E89+M89)*$BJ$3*$BJ$4*10^-3)/$BJ$5+G89 -> -269267.46 | U89: =((E89+M89)*$BJ$3*$BJ$4*10^-3)/$BJ$5+H89 -> -269267.46 | V89: =((E89+M89)*$BJ$3*$BJ$4*10^-3)/$BJ$5+I89 -> -269267.46
A90: TS1(NA)_MeOH_TS | B90: -428.99044 | C90: -429.00493 | E90: -429.09735 | J90: 288.17 | K90: 0.064393 | L90: 0.07294 | M90: 0.032847 | N90: =L90-M90 -> 0.040093 | O90: =((B90+K90)*$BJ$3*$BJ$4*10^-3)/$BJ$5 -> -269155.07 | P90: =((C90+K90)*$BJ$3*$BJ$4*10^-3)/$BJ$5 -> -269164.17 | Q90: =((E90+K90)*$BJ$3*$BJ$4*10^-3)/$BJ$5 -> -269222.16 | R90: =((E90+K90)*$BJ$3*$BJ$4*10^-3)/$BJ$5 -> -269222.16 | S90: =((E90+M90)*$BJ$3*$BJ$4*10^-3)/$BJ$5 -> -269241.96 | T90: =((E90+M90)*$BJ$3*$BJ$4*10^-3)/$BJ$5+G90 -> -269241.96 | U90: =((E90+M90)*$BJ$3*$BJ$4*10^-3)/$BJ$5+H90 -> -269241.96 | V90: =((E90+M90)*$BJ$3*$BJ$4*10^-3)/$BJ$5+I90 -> -269241.96
A91: BS_U_TS1 | B91: -498.28538 | C91: -498.31521 | E91: -498.45918 | F91: 0.4815 | G91: -14.34 | H91: -15.8 | I91: -15.72 | J91: 1315.44 | K91: 0.15239 | L91: 0.1648 | M91: 0.113671 | N91: =L91-M91 -> 0.051129 | O91: =((B91+K91)*$BJ$3*$BJ$4*10^-3)/$BJ$5 -> -312583.08 | P91: =((C91+K91)*$BJ$3*$BJ$4*10^-3)/$BJ$5 -> -312601.79 | Q91: =((E91+K91)*$BJ$3*$BJ$4*10^-3)/$BJ$5 -> -312692.14 | R91: =((E91+K91)*$BJ$3*$BJ$4*10^-3)/$BJ$5 -> -312692.14 | S91: =((E91+M91)*$BJ$3*$BJ$4*10^-3)/$BJ$5 -> -312716.43 | T91: =((E91+M91)*$BJ$3*$BJ$4*10^-3)/$BJ$5+G91 -> -312730.77 | U91: =((E91+M91)*$BJ$3*$BJ$4*10^-3)/$BJ$5+H91 -> -312732.23 | V91: =((E91+M91)*$BJ$3*$BJ$4*10^-3)/$BJ$5+I91 -> -312732.15
A92: BS_U_TS1 (T single point) | C92: -498.2856 | E92: -498.42954 | G92: -13.93 | H92: -15.36 | I92: -15.39 | K92: 0.15239 | L92: 0.1648 | M92: 0.113671 | N92: =L92-M92 -> 0.051129 | O92: =((B92+K92)*$BJ$3*$BJ$4*10^-3)/$BJ$5 -> 95.62614 | P92: =((C92+K92)*$BJ$3*$BJ$4*10^-3)/$BJ$5 -> -312583.21 | Q92: =((E92+K92)*$BJ$3*$BJ$4*10^-3)/$BJ$5 -> -312673.54 | R92: =((E92+K92)*$BJ$3*$BJ$4*10^-3)/$BJ$5 -> -312673.54 | S92: =((E92+M92)*$BJ$3*$BJ$4*10^-3)/$BJ$5 -> -312697.84 | T92: =((E92+M92)*$BJ$3*$BJ$4*10^-3)/$BJ$5+G92 -> -312711.77 | U92: =((E92+M92)*$BJ$3*$BJ$4*10^-3)/$BJ$5+H92 -> -312713.2 | V92: =((E92+M92)*$BJ$3*$BJ$4*10^-3)/$BJ$5+I92 -> -312713.23
A93: TS1_RC | B93: -498.34795 | C93: -498.37392 | E93: -498.51808 | G93: -9.62 | H93: -8.03 | I93: -7.52 | K93: 0.162319 | L93: 0.174572 | M93: 0.121816 | N93: =L93-M93 -> 0.052756 | O93: =((B93+K93)*$BJ$3*$BJ$4*10^-3)/$BJ$5 -> -312616.11 | P93: =((C93+K93)*$BJ$3*$BJ$4*10^-3)/$BJ$5 -> -312632.41 | Q93: =((E93+K93)*$BJ$3*$BJ$4*10^-3)/$BJ$5 -> -312722.87 | R93: =((E93+K93)*$BJ$3*$BJ$4*10^-3)/$BJ$5 -> -312722.87 | S93: =((E93+M93)*$BJ$3*$BJ$4*10^-3)/$BJ$5 -> -312748.28 | T93: =((E93+M93)*$BJ$3*$BJ$4*10^-3)/$BJ$5+G93 -> -312757.9 | U93: =((E93+M93)*$BJ$3*$BJ$4*10^-3)/$BJ$5+H93 -> -312756.31 | V93: =((E93+M93)*$BJ$3*$BJ$4*10^-3)/$BJ$5+I93 -> -312755.8
N94: =L94-M94 -> 0 | O94: =((B94+K94)*$BJ$3*$BJ$4*10^-3)/$BJ$5 -> 0 | P94: =((C94+K94)*$BJ$3*$BJ$4*10^-3)/$BJ$5 -> 0 | Q94: =((E94+K94)*$BJ$3*$BJ$4*10^-3)/$BJ$5 -> 0 | R94: =((E94+K94)*$BJ$3*$BJ$4*10^-3)/$BJ$5 -> 0 | S94: =((E94+M94)*$BJ$3*$BJ$4*10^-3)/$BJ$5 -> 0 | T94: =((E94+M94)*$BJ$3*$BJ$4*10^-3)/$BJ$5+G94 -> 0 | U94: =((E94+M94)*$BJ$3*$BJ$4*10^-3)/$BJ$5+H94 -> 0 | V94: =((E94+M94)*$BJ$3*$BJ$4*10^-3)/$BJ$5+I94 -> 0
N95: =L95-M95 -> 0 | O95: =((B95+K95)*$BJ$3*$BJ$4*10^-3)/$BJ$5 -> 0 | P95: =((C95+K95)*$BJ$3*$BJ$4*10^-3)/$BJ$5 -> 0 | Q95: =((E95+K95)*$BJ$3*$BJ$4*10^-3)/$BJ$5 -> 0 | R95: =((E95+K95)*$BJ$3*$BJ$4*10^-3)/$BJ$5 -> 0 | S95: =((E95+M95)*$BJ$3*$BJ$4*10^-3)/$BJ$5 -> 0 | T95: =((E95+M95)*$BJ$3*$BJ$4*10^-3)/$BJ$5+G95 -> 0 | U95: =((E95+M95)*$BJ$3*$BJ$4*10^-3)/$BJ$5+H95 -> 0 | V95: =((E95+M95)*$BJ$3*$BJ$4*10^-3)/$BJ$5+I95 -> 0
N96: =L96-M96 -> 0 | O96: =((B96+K96)*$BJ$3*$BJ$4*10^-3)/$BJ$5 -> 0 | P96: =((C96+K96)*$BJ$3*$BJ$4*10^-3)/$BJ$5 -> 0 | Q96: =((E96+K96)*$BJ$3*$BJ$4*10^-3)/$BJ$5 -> 0 | R96: =((E96+K96)*$BJ$3*$BJ$4*10^-3)/$BJ$5 -> 0 | S96: =((E96+M96)*$BJ$3*$BJ$4*10^-3)/$BJ$5 -> 0 | T96: =((E96+M96)*$BJ$3*$BJ$4*10^-3)/$BJ$5+G96 -> 0 | U96: =((E96+M96)*$BJ$3*$BJ$4*10^-3)/$BJ$5+H96 -> 0 | V96: =((E96+M96)*$BJ$3*$BJ$4*10^-3)/$BJ$5+I96 -> 0
N97: =L97-M97 -> 0 | O97: =((B97+K97)*$BJ$3*$BJ$4*10^-3)/$BJ$5 -> 0 | P97: =((C97+K97)*$BJ$3*$BJ$4*10^-3)/$BJ$5 -> 0 | Q97: =((E97+K97)*$BJ$3*$BJ$4*10^-3)/$BJ$5 -> 0 | R97: =((E97+K97)*$BJ$3*$BJ$4*10^-3)/$BJ$5 -> 0 | S97: =((E97+M97)*$BJ$3*$BJ$4*10^-3)/$BJ$5 -> 0 | T97: =((E97+M97)*$BJ$3*$BJ$4*10^-3)/$BJ$5+G97 -> 0 | U97: =((E97+M97)*$BJ$3*$BJ$4*10^-3)/$BJ$5+H97 -> 0 | V97: =((E97+M97)*$BJ$3*$BJ$4*10^-3)/$BJ$5+I97 -> 0
A100: CBS-BB3 | B100: CBS-BB3 ZPVE | C100: CBS-BB3 H | D100: CBS-BB3 G | E100: CBS-BB3 ZPVE (kCal/mol) | F100: CBS-BB3 H (kCal/mol) | G100: CBS-BB3 G (kCal/mol)
A101: MeOH | E101: =((B101*$BJ$3*$BJ$4*10^-3)/$BJ$5) -> 0 | F101: =((C101*$BJ$3*$BJ$4*10^-3)/$BJ$5) -> 0 | G101: =((D101*$BJ$3*$BJ$4*10^-3)/$BJ$5) -> 0
A102: HO2Na | E102: =((B102*$BJ$3*$BJ$4*10^-3)/$BJ$5) -> 0 | F102: =((C102*$BJ$3*$BJ$4*10^-3)/$BJ$5) -> 0 | G102: =((D102*$BJ$3*$BJ$4*10^-3)/$BJ$5) -> 0
A103: TS1(NA)_MeOH_RC | B103: -428.25104 | C103: -428.24203 | D103: -428.28378 | E103: =((B103*$BJ$3*$BJ$4*10^-3)/$BJ$5) -> -268731.5 | F103: =((C103*$BJ$3*$BJ$4*10^-3)/$BJ$5) -> -268725.85 | G103: =((D103*$BJ$3*$BJ$4*10^-3)/$BJ$5) -> -268752.05
A104: TS1(NA)_MeOH_TS | B104: -428.19074 | C104: -428.18214 | D104: -428.22235 | E104: =((B104*$BJ$3*$BJ$4*10^-3)/$BJ$5) -> -268693.66 | F104: =((C104*$BJ$3*$BJ$4*10^-3)/$BJ$5) -> -268688.27 | G104: =((D104*$BJ$3*$BJ$4*10^-3)/$BJ$5) -> -268713.5
E105: =((B105*$BJ$3*$BJ$4*10^-3)/$BJ$5) -> 0 | F105: =((C105*$BJ$3*$BJ$4*10^-3)/$BJ$5) -> 0 | G105: =((D105*$BJ$3*$BJ$4*10^-3)/$BJ$5) -> 0
E106: =((B106*$BJ$3*$BJ$4*10^-3)/$BJ$5) -> 0 | F106: =((C106*$BJ$3*$BJ$4*10^-3)/$BJ$5) -> 0 | G106: =((D106*$BJ$3*$BJ$4*10^-3)/$BJ$5) -> 0
E107: =((B107*$BJ$3*$BJ$4*10^-3)/$BJ$5) -> 0 | F107: =((C107*$BJ$3*$BJ$4*10^-3)/$BJ$5) -> 0 | G107: =((D107*$BJ$3*$BJ$4*10^-3)/$BJ$5) -> 0
E108: =((B108*$BJ$3*$BJ$4*10^-3)/$BJ$5) -> 0 | F108: =((C108*$BJ$3*$BJ$4*10^-3)/$BJ$5) -> 0 | G108: =((D108*$BJ$3*$BJ$4*10^-3)/$BJ$5) -> 0
...

Sheet Sheet3
A1: B1=631G(d) B2=6311+G(2d,p)
A2: M05/B1 | B2: M05/B1 | C2: M05/B2 | D2: M05/B2 S^2 | E2: M05/B1 BONDI | F2: M05 v (1/cm) | G2: M05 ZPVE(corr) | H2: M05 H(corr) | I2: M05 G(corr) | J2: M05 -TS(corr) | K2: M05/B2 Ee+ZPVE (kCal/mol) | L2: M05/B2 H+Bondi (kCal/mol) | M2: M05/B2 G (kCal/mol) | N2: M05/B2 G+Bondi/B1 (kCal/mol)
A3: E2_TS1_S | C3: -1606.8803 | D3: 0.0491 | E3: -16.18 | F3: 985.15 | G3: 1.209017 | H3: 1.286206 | I3: 1.105525 | J3: =H3-I3 -> 0.180681 | K3: =((C3+G3)*$BJ$3*$BJ$4*10^-3)/$BJ$5 -> -1007573.6 | L3: =((C3+H3)*$BJ$3*$BJ$4*10^-3)/$BJ$5+E3 -> -1007541.4 | M3: =((C3+I3)*$BJ$3*$BJ$4*10^-3)/$BJ$5 -> -1007638.6 | N3: =M3+E3 -> -1007654.7 | AS3: structure | AT3: kCal/mol | AU3: S**2 | AV3: x | AW3: BS-UDFT corrected | BI3: Hartree (J/particle) | BJ3: 4.3597439e-18
A4: E2_TS1_T | C4: -1606.8375 | E4: -15.37 | G4: 1.209017 | H4: 1.286206 | I4: 1.105525 | J4: =H4-I4 -> 0.180681 | K4: =((C4+G4)*$BJ$3*$BJ$4*10^-3)/$BJ$5 -> -1007546.8 | L4: =((C4+H4)*$BJ$3*$BJ$4*10^-3)/$BJ$5+E4 -> -1007513.7 | M4: =((C4+I4)*$BJ$3*$BJ$4*10^-3)/$BJ$5 -> -1007611.7 | N4: =M4+E4 -> -1007627.1 | AS4: BS-UDFT singlet | AT4: =N3 -> -1007654.7 | AU4: 0.05 | AV4: =(AU4-AU6)/(AU5-AU4) -> 0.025641026 | AW4: =AT4+AV4*(AT4-AT5) -> -1007655.4 | BI4: Na (1/mol) | BJ4: 6.02214e+23
A5: E2_TS1_RC_B | C5: -1606.9189 | E5: -25.8 | G5: 1.216932 | H5: 1.293978 | I5: 1.113804 | J5: =H5-I5 -> 0.180174 | K5: =((C5+G5)*$BJ$3*$BJ$4*10^-3)/$BJ$5 -> -1007592.9 | L5: =((C5+H5)*$BJ$3*$BJ$4*10^-3)/$BJ$5+E5 -> -1007570.3 | M5: =((C5+I5)*$BJ$3*$BJ$4*10^-3)/$BJ$5 -> -1007657.6 | N5: =M5+E5 -> -1007683.4 | AS5: UDFT triplet | AT5: =N4 -> -1007627.1 | AU5: 2 | AW5: DIF kCal/mol | BI5: joul/cal | BJ5: 4.184
A6: E2_TS1_RC_A | C6: -1606.931 | E6: -12.57 | G6: 1.212695 | H6: 1.289975 | I6: 1.108114 | J6: =H6-I6 -> 0.181861 | K6: =((C6+G6)*$BJ$3*$BJ$4*10^-3)/$BJ$5 -> -1007603.1 | L6: =((C6+H6)*$BJ$3*$BJ$4*10^-3)/$BJ$5+E6 -> -1007567.2 | M6: =((C6+I6)*$BJ$3*$BJ$4*10^-3)/$BJ$5 -> -1007668.7 | N6: =M6+E6 -> -1007681.3 | AS6: exat singlet | AU6: 0 | AW6: =(AT4-AW4) -> 0.7080821
BI7: Skodje-Thruhlar approx. for exoergic reactions
BI8: v [1/cm] | BJ8: 1000
BI9: ∆(V#+zpve) [kJ/mol] | BJ9: 100
BI10: T [K] | BJ10: 298.15
AY11: =BJ15*298.15*LN(5.5*BJ12/(BJ13*298.15))/(1000*BJ5) -> -16.443151 | BI11: h(bar) [J*s] | BJ11: =6.62606896E-34/(2*BJ14) -> 1.0545716e-34
BI12: h [J*s] | BJ12: 6.626069e-34
BI13: kb [J/K] | BJ13: 1.3806503e-23
BI14: Pi | BJ14: 3.1415927
C15: =M6-M5 -> -11.168164 | H15: =L3-L6-0.7-0.8-0.4 -> 23.944113 | BI15: R [J/mol*K] | BJ15: 8.314472
K16: =((0.0023)*$BJ$3*$BJ$4*10^-3)/$BJ$5 -> 1.4432713 | BI16: Na [1/mol] | BJ16: 6.02214e+23
BC17: 50 | BI17: c [cm/s] | BJ17: 29979245800
BC18: 20 | BI18: a=(2*pi/h*v*c) [1/J] | BJ18: =((2*BJ14)/(BJ12*BJ8*BJ17)) -> 3.1630293e+20
AT19: =-227.054216-( -151.401151-75.666678) -> 0.013613 | BC19: 20 | BI19: b=(1/(kb*T)) [1/J] | BJ19: =(1/(BJ13*BJ10)) -> 2.4293019e+20
BC20: 50 | BI20: k(T) a>b | BJ20: =((BJ19*BJ14)/BJ18)/SIN((BJ19*BJ14)/BJ18)-(BJ19/(BJ18-BJ19))*EXP((BJ19-BJ18)*((BJ9*1000/BJ16))) -> 3.623183
AY21: =AY13=(BJ13*298.15/BJ12)*EXP(-84000/(298.15*BJ15)) -> FALSE | BC21: 20 | BI21: RTln(k(T)) a>b [kCal/mol] | BJ21: =(BJ15*BJ10*LN(BJ20)/1000)/BJ5 -> 0.76273808
R22: =0.5015-0.4992 -> 0.0023 | AY22: =SQRT(0.122*1.9*10^-2/(2.7*10^7)) -> 9.2656274e-06 | BC22: 20 | BI22: k(T) a<b | BJ22: =(BJ19/(BJ19-BJ18))*(EXP((BJ19-BJ18)*((BJ9)*1000/BJ16))-1) -> 3.3108885
BC23: 50 | BI23: RTln(k(T)) a<b [kCal/mol] | BJ23: =(BJ15*BJ10*LN(BJ22)/1000)/BJ5 -> 0.70933361
BC24: 20 | BI24: Wigner approx. Condition: h*v<<kb*T
BC25: 50 | BI25: k(T) | BJ25: =1+(1/24)*(BJ12*BJ8*BJ17/(BJ10*BJ13))^2 -> 1.9702978
BC26: 50 | BI26: (kb*T)/(h*v*c) | BJ26: =(BJ10*BJ13)/(BJ8*BJ12*BJ17) -> 0.20722486
BC27: 20 | BI27: RTln(k(T)) [kCal/mol] | BJ27: =(BJ15*BJ10*LN(BJ25)/1000)/BJ5 -> 0.40181469
BC28: 50 | BI28: (s) | BJ28: 2
BC29: 50 | BI29: RTln(s) kCal/mol | BJ29: =($BJ$10*$BJ$15*LN(BJ28)*10^-3)/BJ5 -> 0.41067974
BC30: 20
BC31: 20
BC32: 20
BC33: 20
BC34: 50
BC35: 50
BC36: 50
BC37: =-SUM(BC17:BC36)+595+800 -> 695

Sheet Sheet4
A1: DFT=R(U)B3LYP, scrf=B1/CPCM(bondi)//B3LYP/B1, B1=6-31G(d). B2=6-31+(d). B3=631+G(d,p). B4=6311+G(2d,p). B5=6311+G(2df,2p). B6=6311++G(3df,3pd) T=298.15
A2: Structure/B1 | B2: B1 E(elec) (He/particle) | C2: B3(LS) E(elec) (He/particle) | D2: B3(HS) E(elec) (He/particle) | E2: <S^2> B3(LS) | F2: B4(LS) E(elec) (He/particle) | G2: B4(HS) E(elec) (He/particle) | H2: <S^2> B4(LS) | I2: B5(LS) E(elec) (He/particle) | J2: B5(HS) E(elec) (He/particle) | K2: <S^2> B5(LS) | L2: B6(LS) E(elec) (He/particle) | M2: B6(HS) E(elec) (He/particle) | N2: <S^2> B6(LS) | O2: ∆Gsolv AQ(LS) (kCal/mol) | P2: ∆Gsolv AQ(HS) (kCal/mol) | Q2: ∆Gsolv AQ(LS) <S^2> | R2: B1 reaction coordinate v (1/cm) | S2: Rotational symmetry number | T2: B1 ZPVE(corr) (H/particle) | U2: B1 H(corr) (H/particle) | V2: B1 G(corr) (He/particle) | W2: B1 TS(corr) (kCal/mol) | X2: solv BS-H(B1/B1) (kCal/mol) | Y2: solv AP-H(B1/B1) (kCal/mol) | Z2: BS-H(B3/B1) (kCal/mol) | AA2: AP-H(B3/B1) (kCal/mol) | AB2: BS-H(B4/B1) (kCal/mol) | AC2: AP-H(B4/B1) (kCal/mol) | AD2: BS-H(B5/B1) (kCal/mol) | AE2: AP-H(B5/B1) (kCal/mol) | AF2: BS-H(B6/B1) (kCal/mol) | AG2: AP-H(B6/B1) (kCal/mol)
A3: H2O2 | B3: -151.53321 | C3: -151.55836 | F3: -151.60651 | I3: -151.61078 | L3: -151.61297 | O3: -9.03 | T3: 0.026254 | U3: 0.030451 | V3: 0.003916 | W3: =(U3-V3)*($AW$3*$AW$4*10^-3/$AW$5) -> 16.650959 | X3: =O3 -> -9.03 | Y3: =((((2-0)/(2-Q3))*O3+(1-((2-0)/(2-Q3)))*P3)) -> -9.03 | Z3: =(C3+U3)*($AW$3*$AW$4*10^-3/$AW$5) -> -95085.168 | AA3: =((((2-0)/(2-E3))*C3+(1-((2-0)/(2-E3)))*D3)+U3)*($AW$3*$AW$4*10^-3/$AW$5) -> -95085.168 | AB3: =(F3+U3)*($AW$3*$AW$4*10^-3/$AW$5) -> -95115.384 | AC3: =((((2-0)/(2-H3))*F3+(1-((2-0)/(2-H3)))*G3)+U3)*($AW$3*$AW$4*10^-3/$AW$5) -> -95115.384 | AD3: =(I3+U3)*($AW$3*$AW$4*10^-3/$AW$5) -> -95118.064 | AE3: =((((2-0)/(2-K3))*I3+(1-((2-0)/(2-K3)))*J3)+U3)*($AW$3*$AW$4*10^-3/$AW$5) -> -95118.064 | AF3: =(L3+U3)*($AW$3*$AW$4*10^-3/$AW$5) -> -95119.437 | AG3: =((((2-0)/(2-N3))*L3+(1-((2-0)/(2-N3)))*M3)+U3)*($AW$3*$AW$4*10^-3/$AW$5) -> -95119.437 | AV3: Hartree (J/particle) | AW3: 4.3597439e-18
A4: H2O | W4: =(U4-V4)*($AW$3*$AW$4*10^-3/$AW$5) -> 0 | X4: =O4 -> 0 | Y4: =((((2-0)/(2-Q4))*O4+(1-((2-0)/(2-Q4)))*P4)) -> 0 | Z4: =(C4+U4)*($AW$3*$AW$4*10^-3/$AW$5) -> 0 | AA4: =((((2-0)/(2-E4))*C4+(1-((2-0)/(2-E4)))*D4)+U4)*($AW$3*$AW$4*10^-3/$AW$5) -> 0 | AB4: =(F4+U4)*($AW$3*$AW$4*10^-3/$AW$5) -> 0 | AC4: =((((2-0)/(2-H4))*F4+(1-((2-0)/(2-H4)))*G4)+U4)*($AW$3*$AW$4*10^-3/$AW$5) -> 0 | AD4: =(I4+U4)*($AW$3*$AW$4*10^-3/$AW$5) -> 0 | AE4: =((((2-0)/(2-K4))*I4+(1-((2-0)/(2-K4)))*J4)+U4)*($AW$3*$AW$4*10^-3/$AW$5) -> 0 | AF4: =(L4+U4)*($AW$3*$AW$4*10^-3/$AW$5) -> 0 | AG4: =((((2-0)/(2-N4))*L4+(1-((2-0)/(2-N4)))*M4)+U4)*($AW$3*$AW$4*10^-3/$AW$5) -> 0 | AV4: Na (1/mol) | AW4: 6.02214e+23
A5: HO2(-) | W5: =(U5-V5)*($AW$3*$AW$4*10^-3/$AW$5) -> 0 | X5: =O5 -> 0 | Y5: =((((2-0)/(2-Q5))*O5+(1-((2-0)/(2-Q5)))*P5)) -> 0 | Z5: =(C5+U5)*($AW$3*$AW$4*10^-3/$AW$5) -> 0 | AA5: =((((2-0)/(2-E5))*C5+(1-((2-0)/(2-E5)))*D5)+U5)*($AW$3*$AW$4*10^-3/$AW$5) -> 0 | AB5: =(F5+U5)*($AW$3*$AW$4*10^-3/$AW$5) -> 0 | AC5: =((((2-0)/(2-H5))*F5+(1-((2-0)/(2-H5)))*G5)+U5)*($AW$3*$AW$4*10^-3/$AW$5) -> 0 | AD5: =(I5+U5)*($AW$3*$AW$4*10^-3/$AW$5) -> 0 | AE5: =((((2-0)/(2-K5))*I5+(1-((2-0)/(2-K5)))*J5)+U5)*($AW$3*$AW$4*10^-3/$AW$5) -> 0 | AF5: =(L5+U5)*($AW$3*$AW$4*10^-3/$AW$5) -> 0 | AG5: =((((2-0)/(2-N5))*L5+(1-((2-0)/(2-N5)))*M5)+U5)*($AW$3*$AW$4*10^-3/$AW$5) -> 0 | AV5: joul/cal | AW5: 4.184
A6: H2O2_TS | B6: -151.45611 | C6: -151.44235 | D6: -151.48407 | E6: 0.9734 | F6: -151.49053 | G6: -151.53219 | H6: 0.9732 | I6: -151.49375 | J6: -151.53563 | K6: 0.9736 | L6: -151.49611 | M6: -151.53794 | N6: 0.9738 | O6: -5 | P6: -6.02 | Q6: 0.9675 | R6: 176.4 | T6: 0.018756 | U6: 0.023736 | V6: -0.005136 | W6: =(U6-V6)*($AW$3*$AW$4*10^-3/$AW$5) -> 18.117448 | X6: =O6 -> -5 | Y6: =((((2-0)/(2-Q6))*O6+(1-((2-0)/(2-Q6)))*P6)) -> -4.0442131 | Z6: =(C6+U6)*($AW$3*$AW$4*10^-3/$AW$5) -> -95016.583 | AA6: =((((2-0)/(2-E6))*C6+(1-((2-0)/(2-E6)))*D6)+U6)*($AW$3*$AW$4*10^-3/$AW$5) -> -94991.757 | AB6: =(F6+U6)*($AW$3*$AW$4*10^-3/$AW$5) -> -95046.817 | AC6: =((((2-0)/(2-H6))*F6+(1-((2-0)/(2-H6)))*G6)+U6)*($AW$3*$AW$4*10^-3/$AW$5) -> -95022.037 | AD6: =(I6+U6)*($AW$3*$AW$4*10^-3/$AW$5) -> -95048.838 | AE6: =((((2-0)/(2-K6))*I6+(1-((2-0)/(2-K6)))*J6)+U6)*($AW$3*$AW$4*10^-3/$AW$5) -> -95023.91 | AF6: =(L6+U6)*($AW$3*$AW$4*10^-3/$AW$5) -> -95050.32 | AG6: =((((2-0)/(2-N6))*L6+(1-((2-0)/(2-N6)))*M6)+U6)*($AW$3*$AW$4*10^-3/$AW$5) -> -95025.413
A7: HO2(-)*H2O2_RC | B7: -302.49908 | C7: -302.56802 | F7: -302.66178 | I7: -302.66858 | L7: -302.67246 | O7: -74.96 | T7: 0.042469 | U7: 0.04909 | V7: 0.013691 | W7: =(U7-V7)*($AW$3*$AW$4*10^-3/$AW$5) -> 22.213201 | X7: =O7 -> -74.96 | Y7: =((((2-0)/(2-Q7))*O7+(1-((2-0)/(2-Q7)))*P7)) -> -74.96 | Z7: =(C7+U7)*($AW$3*$AW$4*10^-3/$AW$5) -> -189833.44 | AA7: =((((2-0)/(2-E7))*C7+(1-((2-0)/(2-E7)))*D7)+U7)*($AW$3*$AW$4*10^-3/$AW$5) -> -189833.44 | AB7: =(F7+U7)*($AW$3*$AW$4*10^-3/$AW$5) -> -189892.27 | AC7: =((((2-0)/(2-H7))*F7+(1-((2-0)/(2-H7)))*G7)+U7)*($AW$3*$AW$4*10^-3/$AW$5) -> -189892.27 | AD7: =(I7+U7)*($AW$3*$AW$4*10^-3/$AW$5) -> -189896.54 | AE7: =((((2-0)/(2-K7))*I7+(1-((2-0)/(2-K7)))*J7)+U7)*($AW$3*$AW$4*10^-3/$AW$5) -> -189896.54 | AF7: =(L7+U7)*($AW$3*$AW$4*10^-3/$AW$5) -> -189898.97 | AG7: =((((2-0)/(2-N7))*L7+(1-((2-0)/(2-N7)))*M7)+U7)*($AW$3*$AW$4*10^-3/$AW$5) -> -189898.97 | AV7: Skodje-Thruhlar approx. for exoergic reactions
A8: HO2(-)*H2O2_TS | B8: -302.45277 | C8: -302.51241 | D8: -302.52886 | E8: 0.867 | F8: -302.60614 | G8: -302.62241 | H8: 0.8679 | I8: -302.61194 | J8: -302.62803 | K8: 0.8711 | L8: -302.61594 | M8: -302.63205 | N8: 0.871 | O8: -64.16 | P8: -64.29 | Q8: 0.8409 | R8: 388.16 | T8: 0.038772 | U8: 0.04554 | V8: 0.009807 | W8: =(U8-V8)*($AW$3*$AW$4*10^-3/$AW$5) -> 22.422789 | X8: =O8 -> -64.16 | Y8: =((((2-0)/(2-Q8))*O8+(1-((2-0)/(2-Q8)))*P8)) -> -64.065688 | Z8: =(C8+U8)*($AW$3*$AW$4*10^-3/$AW$5) -> -189800.77 | AA8: =((((2-0)/(2-E8))*C8+(1-((2-0)/(2-E8)))*D8)+U8)*($AW$3*$AW$4*10^-3/$AW$5) -> -189792.87 | AB8: =(F8+U8)*($AW$3*$AW$4*10^-3/$AW$5) -> -189859.59 | AC8: =((((2-0)/(2-H8))*F8+(1-((2-0)/(2-H8)))*G8)+U8)*($AW$3*$AW$4*10^-3/$AW$5) -> -189851.76 | AD8: =(I8+U8)*($AW$3*$AW$4*10^-3/$AW$5) -> -189863.22 | AE8: =((((2-0)/(2-K8))*I8+(1-((2-0)/(2-K8)))*J8)+U8)*($AW$3*$AW$4*10^-3/$AW$5) -> -189855.43 | AF8: =(L8+U8)*($AW$3*$AW$4*10^-3/$AW$5) -> -189865.73 | AG8: =((((2-0)/(2-N8))*L8+(1-((2-0)/(2-N8)))*M8)+U8)*($AW$3*$AW$4*10^-3/$AW$5) -> -189857.93 | AV8: v [1/cm] | AW8: 200
A9: HO2(-)*H2O2_PC | B9: -302.45828 | C9: -302.525 | D9: -302.52362 | E9: 0.9919 | F9: -302.61788 | G9: -302.61655 | H9: 0.9919 | I9: -302.62365 | J9: -302.62236 | K9: 0.9922 | L9: -302.62785 | M9: -302.62654 | N9: 0.9924 | O9: -62.18 | P9: -62.19 | Q9: 0.9964 | T9: 0.03629 | U9: 0.043267 | V9: 0.006498 | W9: =(U9-V9)*($AW$3*$AW$4*10^-3/$AW$5) -> 23.072889 | X9: =O9 -> -62.18 | Y9: =((((2-0)/(2-Q9))*O9+(1-((2-0)/(2-Q9)))*P9)) -> -62.170072 | Z9: =(C9+U9)*($AW$3*$AW$4*10^-3/$AW$5) -> -189810.09 | AA9: =((((2-0)/(2-E9))*C9+(1-((2-0)/(2-E9)))*D9)+U9)*($AW$3*$AW$4*10^-3/$AW$5) -> -189810.94 | AB9: =(F9+U9)*($AW$3*$AW$4*10^-3/$AW$5) -> -189868.38 | AC9: =((((2-0)/(2-H9))*F9+(1-((2-0)/(2-H9)))*G9)+U9)*($AW$3*$AW$4*10^-3/$AW$5) -> -189869.2 | AD9: =(I9+U9)*($AW$3*$AW$4*10^-3/$AW$5) -> -189872 | AE9: =((((2-0)/(2-K9))*I9+(1-((2-0)/(2-K9)))*J9)+U9)*($AW$3*$AW$4*10^-3/$AW$5) -> -189872.79 | AF9: =(L9+U9)*($AW$3*$AW$4*10^-3/$AW$5) -> -189874.64 | AG9: =((((2-0)/(2-N9))*L9+(1-((2-0)/(2-N9)))*M9)+U9)*($AW$3*$AW$4*10^-3/$AW$5) -> -189875.45 | AV9: ∆(V#+zpve) [kJ/mol] | AW9: 100
A10: NaHO2_RC | B10: -313.25386 | C10: -313.27763 | F10: -313.3317 | I10: -313.33483 | L10: -313.33746 | O10: -20.11 | T10: 0.015776 | U10: 0.020625 | V10: -0.00986 | W10: =(U10-V10)*($AW$3*$AW$4*10^-3/$AW$5) -> 19.12962 | X10: =O10 -> -20.11 | Y10: =((((2-0)/(2-Q10))*O10+(1-((2-0)/(2-Q10)))*P10)) -> -20.11 | Z10: =(C10+U10)*($AW$3*$AW$4*10^-3/$AW$5) -> -196571.68 | AA10: =((((2-0)/(2-E10))*C10+(1-((2-0)/(2-E10)))*D10)+U10)*($AW$3*$AW$4*10^-3/$AW$5) -> -196571.68 | AB10: =(F10+U10)*($AW$3*$AW$4*10^-3/$AW$5) -> -196605.61 | AC10: =((((2-0)/(2-H10))*F10+(1-((2-0)/(2-H10)))*G10)+U10)*($AW$3*$AW$4*10^-3/$AW$5) -> -196605.61 | AD10: =(I10+U10)*($AW$3*$AW$4*10^-3/$AW$5) -> -196607.57 | AE10: =((((2-0)/(2-K10))*I10+(1-((2-0)/(2-K10)))*J10)+U10)*($AW$3*$AW$4*10^-3/$AW$5) -> -196607.57 | AF10: =(L10+U10)*($AW$3*$AW$4*10^-3/$AW$5) -> -196609.23 | AG10: =((((2-0)/(2-N10))*L10+(1-((2-0)/(2-N10)))*M10)+U10)*($AW$3*$AW$4*10^-3/$AW$5) -> -196609.23 | AV10: T [K] | AW10: 1
A11: NaHO2_TS | B11: -313.18221 | C11: -313.22139 | D11: -313.22749 | E11: 1.0106 | F11: -313.27494 | G11: -313.28095 | H11: 1.0109 | I11: -313.27744 | J11: -313.28301 | K11: 1.0113 | L11: -313.27947 | M11: -313.28517 | N11: 1.0115 | O11: -7.86 | P11: -7.51 | Q11: 1.0056 | R11: 56.54 | T11: 0.011328 | U11: 0.01691 | V11: -0.015634 | W11: =(U11-V11)*($AW$3*$AW$4*10^-3/$AW$5) -> 20.421662 | X11: =O11 -> -7.86 | Y11: =((((2-0)/(2-Q11))*O11+(1-((2-0)/(2-Q11)))*P11)) -> -8.2139421 | Z11: =(C11+U11)*($AW$3*$AW$4*10^-3/$AW$5) -> -196538.72 | AA11: =((((2-0)/(2-E11))*C11+(1-((2-0)/(2-E11)))*D11)+U11)*($AW$3*$AW$4*10^-3/$AW$5) -> -196534.81 | AB11: =(F11+U11)*($AW$3*$AW$4*10^-3/$AW$5) -> -196572.32 | AC11: =((((2-0)/(2-H11))*F11+(1-((2-0)/(2-H11)))*G11)+U11)*($AW$3*$AW$4*10^-3/$AW$5) -> -196568.47 | AD11: =(I11+U11)*($AW$3*$AW$4*10^-3/$AW$5) -> -196573.89 | AE11: =((((2-0)/(2-K11))*I11+(1-((2-0)/(2-K11)))*J11)+U11)*($AW$3*$AW$4*10^-3/$AW$5) -> -196570.31 | AF11: =(L11+U11)*($AW$3*$AW$4*10^-3/$AW$5) -> -196575.16 | AG11: =((((2-0)/(2-N11))*L11+(1-((2-0)/(2-N11)))*M11)+U11)*($AW$3*$AW$4*10^-3/$AW$5) -> -196571.51 | AV11: h(bar) [J*s] | AW11: =6.62606896E-34/(2*AW14) -> 1.0545716e-34
A12: NaHO2_PC | B12: -313.19796 | T12: 0.011022 | U12: 0.016757 | V12: -0.015743 | W12: =(U12-V12)*($AW$3*$AW$4*10^-3/$AW$5) -> 20.394052 | X12: =O12 -> 0 | Y12: =((((2-0)/(2-Q12))*O12+(1-((2-0)/(2-Q12)))*P12)) -> 0 | Z12: =(C12+U12)*($AW$3*$AW$4*10^-3/$AW$5) -> 10.515173 | AA12: =((((2-0)/(2-E12))*C12+(1-((2-0)/(2-E12)))*D12)+U12)*($AW$3*$AW$4*10^-3/$AW$5) -> 10.515173 | AB12: =(F12+U12)*($AW$3*$AW$4*10^-3/$AW$5) -> 10.515173 | AC12: =((((2-0)/(2-H12))*F12+(1-((2-0)/(2-H12)))*G12)+U12)*($AW$3*$AW$4*10^-3/$AW$5) -> 10.515173 | AD12: =(I12+U12)*($AW$3*$AW$4*10^-3/$AW$5) -> 10.515173 | AE12: =((((2-0)/(2-K12))*I12+(1-((2-0)/(2-K12)))*J12)+U12)*($AW$3*$AW$4*10^-3/$AW$5) -> 10.515173 | AF12: =(L12+U12)*($AW$3*$AW$4*10^-3/$AW$5) -> 10.515173 | AG12: =((((2-0)/(2-N12))*L12+(1-((2-0)/(2-N12)))*M12)+U12)*($AW$3*$AW$4*10^-3/$AW$5) -> 10.515173 | AV12: h [J*s] | AW12: 6.6260696e-34
A13: HO2(-)*2H2O_RC | B13: -303.80647 | C13: -303.89282 | F13: -303.98866 | I13: -303.99575 | L13: -304.00156 | O13: -71.53 | T13: 0.063392 | U13: 0.071728 | V13: 0.032301 | W13: =(U13-V13)*($AW$3*$AW$4*10^-3/$AW$5) -> 24.740808 | X13: =O13 -> -71.53 | Y13: =((((2-0)/(2-Q13))*O13+(1-((2-0)/(2-Q13)))*P13)) -> -71.53 | Z13: =(C13+U13)*($AW$3*$AW$4*10^-3/$AW$5) -> -190650.56 | AA13: =((((2-0)/(2-E13))*C13+(1-((2-0)/(2-E13)))*D13)+U13)*($AW$3*$AW$4*10^-3/$AW$5) -> -190650.56 | AB13: =(F13+U13)*($AW$3*$AW$4*10^-3/$AW$5) -> -190710.7 | AC13: =((((2-0)/(2-H13))*F13+(1-((2-0)/(2-H13)))*G13)+U13)*($AW$3*$AW$4*10^-3/$AW$5) -> -190710.7 | AD13: =(I13+U13)*($AW$3*$AW$4*10^-3/$AW$5) -> -190715.14 | AE13: =((((2-0)/(2-K13))*I13+(1-((2-0)/(2-K13)))*J13)+U13)*($AW$3*$AW$4*10^-3/$AW$5) -> -190715.14 | AF13: =(L13+U13)*($AW$3*$AW$4*10^-3/$AW$5) -> -190718.79 | AG13: =((((2-0)/(2-N13))*L13+(1-((2-0)/(2-N13)))*M13)+U13)*($AW$3*$AW$4*10^-3/$AW$5) -> -190718.79 | AV13: kb [J/K] | AW13: 1.3806488e-23
A14: HO2(-)*2H2O_TS | B14: -303.75569 | C14: -303.82776 | D14: -303.84694 | E14: 0.7742 | F14: -303.92357 | G14: -303.94255 | H14: 0.7752 | I14: -303.92974 | J14: -303.9486 | K14: 0.7788 | L14: -303.93487 | M14: -303.95372 | N14: 0.7801 | O14: -61.61 | P14: -61.55 | Q14: 0.7835 | R14: 414.52 | T14: 0.059853 | U14: 0.068648 | V14: 0.028312 | W14: =(U14-V14)*($AW$3*$AW$4*10^-3/$AW$5) -> 25.311214 | X14: =O14 -> -61.61 | Y14: =((((2-0)/(2-Q14))*O14+(1-((2-0)/(2-Q14)))*P14)) -> -61.648644 | Z14: =(C14+U14)*($AW$3*$AW$4*10^-3/$AW$5) -> -190611.66 | AA14: =((((2-0)/(2-E14))*C14+(1-((2-0)/(2-E14)))*D14)+U14)*($AW$3*$AW$4*10^-3/$AW$5) -> -190604.06 | AB14: =(F14+U14)*($AW$3*$AW$4*10^-3/$AW$5) -> -190671.78 | AC14: =((((2-0)/(2-H14))*F14+(1-((2-0)/(2-H14)))*G14)+U14)*($AW$3*$AW$4*10^-3/$AW$5) -> -190664.24 | AD14: =(I14+U14)*($AW$3*$AW$4*10^-3/$AW$5) -> -190675.65 | AE14: =((((2-0)/(2-K14))*I14+(1-((2-0)/(2-K14)))*J14)+U14)*($AW$3*$AW$4*10^-3/$AW$5) -> -190668.11 | AF14: =(L14+U14)*($AW$3*$AW$4*10^-3/$AW$5) -> -190678.87 | AG14: =((((2-0)/(2-N14))*L14+(1-((2-0)/(2-N14)))*M14)+U14)*($AW$3*$AW$4*10^-3/$AW$5) -> -190671.31 | AV14: Pi | AW14: 3.1415927
A15: HO2(-)*2H2O_PC | B15: -303.76098 | T15: 0.059499 | U15: 0.068345 | V15: 0.027417 | W15: =(U15-V15)*($AW$3*$AW$4*10^-3/$AW$5) -> 25.6827 | X15: =O15 -> 0 | Y15: =((((2-0)/(2-Q15))*O15+(1-((2-0)/(2-Q15)))*P15)) -> 0 | Z15: =(C15+U15)*($AW$3*$AW$4*10^-3/$AW$5) -> 42.887122 | AA15: =((((2-0)/(2-E15))*C15+(1-((2-0)/(2-E15)))*D15)+U15)*($AW$3*$AW$4*10^-3/$AW$5) -> 42.887122 | AB15: =(F15+U15)*($AW$3*$AW$4*10^-3/$AW$5) -> 42.887122 | AC15: =((((2-0)/(2-H15))*F15+(1-((2-0)/(2-H15)))*G15)+U15)*($AW$3*$AW$4*10^-3/$AW$5) -> 42.887122 | AD15: =(I15+U15)*($AW$3*$AW$4*10^-3/$AW$5) -> 42.887122 | AE15: =((((2-0)/(2-K15))*I15+(1-((2-0)/(2-K15)))*J15)+U15)*($AW$3*$AW$4*10^-3/$AW$5) -> 42.887122 | AF15: =(L15+U15)*($AW$3*$AW$4*10^-3/$AW$5) -> 42.887122 | AG15: =((((2-0)/(2-N15))*L15+(1-((2-0)/(2-N15)))*M15)+U15)*($AW$3*$AW$4*10^-3/$AW$5) -> 42.887122 | AV15: R [J/mol*K] | AW15: =AW13*AW16 -> 8.3144604
A16: H2O2*H2O2_RC | B16: -303.08562 | C16: -303.13078 | F16: -303.22613 | I16: -303.234 | L16: -303.2388 | O16: -13.21 | T16: 0.056616 | U16: 0.063929 | V16: 0.02713 | W16: =(U16-V16)*($AW$3*$AW$4*10^-3/$AW$5) -> 23.091714 | X16: =O16 -> -13.21 | Y16: =((((2-0)/(2-Q16))*O16+(1-((2-0)/(2-Q16)))*P16)) -> -13.21 | Z16: =(C16+U16)*($AW$3*$AW$4*10^-3/$AW$5) -> -190177.26 | AA16: =((((2-0)/(2-E16))*C16+(1-((2-0)/(2-E16)))*D16)+U16)*($AW$3*$AW$4*10^-3/$AW$5) -> -190177.26 | AB16: =(F16+U16)*($AW$3*$AW$4*10^-3/$AW$5) -> -190237.09 | AC16: =((((2-0)/(2-H16))*F16+(1-((2-0)/(2-H16)))*G16)+U16)*($AW$3*$AW$4*10^-3/$AW$5) -> -190237.09 | AD16: =(I16+U16)*($AW$3*$AW$4*10^-3/$AW$5) -> -190242.03 | AE16: =((((2-0)/(2-K16))*I16+(1-((2-0)/(2-K16)))*J16)+U16)*($AW$3*$AW$4*10^-3/$AW$5) -> -190242.03 | AF16: =(L16+U16)*($AW$3*$AW$4*10^-3/$AW$5) -> -190245.05 | AG16: =((((2-0)/(2-N16))*L16+(1-((2-0)/(2-N16)))*M16)+U16)*($AW$3*$AW$4*10^-3/$AW$5) -> -190245.05 | AV16: Na [1/mol] | AW16: 6.02214e+23
A17: H2O2*H2O2_TS | B17: -303.01286 | C17: -303.05888 | E17: 0.9469 | F17: -303.15422 | H17: 0.9465 | I17: -303.16145 | K17: 0.9462 | R17: 332.5 | T17: 0.049615 | U17: 0.057388 | V17: 0.019285 | W17: =(U17-V17)*($AW$3*$AW$4*10^-3/$AW$5) -> 23.909986 | X17: =O17 -> 0 | Y17: =((((2-0)/(2-Q17))*O17+(1-((2-0)/(2-Q17)))*P17)) -> 0 | Z17: =(C17+U17)*($AW$3*$AW$4*10^-3/$AW$5) -> -190136.25 | AA17: =((((2-0)/(2-E17))*C17+(1-((2-0)/(2-E17)))*D17)+U17)*($AW$3*$AW$4*10^-3/$AW$5) -> -361130.56 | AB17: =(F17+U17)*($AW$3*$AW$4*10^-3/$AW$5) -> -190196.07 | AC17: =((((2-0)/(2-H17))*F17+(1-((2-0)/(2-H17)))*G17)+U17)*($AW$3*$AW$4*10^-3/$AW$5) -> -361107.01 | AD17: =(I17+U17)*($AW$3*$AW$4*10^-3/$AW$5) -> -190200.61 | AE17: =((((2-0)/(2-K17))*I17+(1-((2-0)/(2-K17)))*J17)+U17)*($AW$3*$AW$4*10^-3/$AW$5) -> -361012.81 | AF17: =(L17+U17)*($AW$3*$AW$4*10^-3/$AW$5) -> 36.011503 | AG17: =((((2-0)/(2-N17))*L17+(1-((2-0)/(2-N17)))*M17)+U17)*($AW$3*$AW$4*10^-3/$AW$5) -> 36.011503 | AV17: c [cm/s] | AW17: 29979245800
A18: H2O2*H2O2_PC | W18: =(U18-V18)*($AW$3*$AW$4*10^-3/$AW$5) -> 0 | X18: =O18 -> 0 | Y18: =((((2-0)/(2-Q18))*O18+(1-((2-0)/(2-Q18)))*P18)) -> 0 | Z18: =(C18+U18)*($AW$3*$AW$4*10^-3/$AW$5) -> 0 | AA18: =((((2-0)/(2-E18))*C18+(1-((2-0)/(2-E18)))*D18)+U18)*($AW$3*$AW$4*10^-3/$AW$5) -> 0 | AB18: =(F18+U18)*($AW$3*$AW$4*10^-3/$AW$5) -> 0 | AC18: =((((2-0)/(2-H18))*F18+(1-((2-0)/(2-H18)))*G18)+U18)*($AW$3*$AW$4*10^-3/$AW$5) -> 0 | AD18: =(I18+U18)*($AW$3*$AW$4*10^-3/$AW$5) -> 0 | AE18: =((((2-0)/(2-K18))*I18+(1-((2-0)/(2-K18)))*J18)+U18)*($AW$3*$AW$4*10^-3/$AW$5) -> 0 | AF18: =(L18+U18)*($AW$3*$AW$4*10^-3/$AW$5) -> 0 | AG18: =((((2-0)/(2-N18))*L18+(1-((2-0)/(2-N18)))*M18)+U18)*($AW$3*$AW$4*10^-3/$AW$5) -> 0 | AV18: a=(2*pi/h*v*c) [1/J] | AW18: =((2*AW14)/(AW12*AW8*AW17)) -> 1.5815145e+21
A19: H2O2*H2O_RC | W19: =(U19-V19)*($AW$3*$AW$4*10^-3/$AW$5) -> 0 | X19: =O19 -> 0 | Y19: =((((2-0)/(2-Q19))*O19+(1-((2-0)/(2-Q19)))*P19)) -> 0 | Z19: =(C19+U19)*($AW$3*$AW$4*10^-3/$AW$5) -> 0 | AA19: =((((2-0)/(2-E19))*C19+(1-((2-0)/(2-E19)))*D19)+U19)*($AW$3*$AW$4*10^-3/$AW$5) -> 0 | AB19: =(F19+U19)*($AW$3*$AW$4*10^-3/$AW$5) -> 0 | AC19: =((((2-0)/(2-H19))*F19+(1-((2-0)/(2-H19)))*G19)+U19)*($AW$3*$AW$4*10^-3/$AW$5) -> 0 | AD19: =(I19+U19)*($AW$3*$AW$4*10^-3/$AW$5) -> 0 | AE19: =((((2-0)/(2-K19))*I19+(1-((2-0)/(2-K19)))*J19)+U19)*($AW$3*$AW$4*10^-3/$AW$5) -> 0 | AF19: =(L19+U19)*($AW$3*$AW$4*10^-3/$AW$5) -> 0 | AG19: =((((2-0)/(2-N19))*L19+(1-((2-0)/(2-N19)))*M19)+U19)*($AW$3*$AW$4*10^-3/$AW$5) -> 0 | AV19: b=(1/(kb*T)) [1/J] | AW19: =(1/(AW13*AW10)) -> 7.2429716e+22
A20: H2O2*H2O_TS | W20: =(U20-V20)*($AW$3*$AW$4*10^-3/$AW$5) -> 0 | X20: =O20 -> 0 | Y20: =((((2-0)/(2-Q20))*O20+(1-((2-0)/(2-Q20)))*P20)) -> 0 | Z20: =(C20+U20)*($AW$3*$AW$4*10^-3/$AW$5) -> 0 | AA20: =((((2-0)/(2-E20))*C20+(1-((2-0)/(2-E20)))*D20)+U20)*($AW$3*$AW$4*10^-3/$AW$5) -> 0 | AB20: =(F20+U20)*($AW$3*$AW$4*10^-3/$AW$5) -> 0 | AC20: =((((2-0)/(2-H20))*F20+(1-((2-0)/(2-H20)))*G20)+U20)*($AW$3*$AW$4*10^-3/$AW$5) -> 0 | AD20: =(I20+U20)*($AW$3*$AW$4*10^-3/$AW$5) -> 0 | AE20: =((((2-0)/(2-K20))*I20+(1-((2-0)/(2-K20)))*J20)+U20)*($AW$3*$AW$4*10^-3/$AW$5) -> 0 | AF20: =(L20+U20)*($AW$3*$AW$4*10^-3/$AW$5) -> 0 | AG20: =((((2-0)/(2-N20))*L20+(1-((2-0)/(2-N20)))*M20)+U20)*($AW$3*$AW$4*10^-3/$AW$5) -> 0 | AV20: k(T) a>b | AW20: =((AW19*AW14)/AW18)/SIN((AW19*AW14)/AW18)-(AW19/(AW18-AW19))*EXP((AW19-AW18)*((AW9*1000/AW16))) -> #NUM!
W21: =(U21-V21)*($AW$3*$AW$4*10^-3/$AW$5) -> 0 | X21: =O21 -> 0 | Y21: =((((2-0)/(2-Q21))*O21+(1-((2-0)/(2-Q21)))*P21)) -> 0 | Z21: =(C21+U21)*($AW$3*$AW$4*10^-3/$AW$5) -> 0 | AA21: =((((2-0)/(2-E21))*C21+(1-((2-0)/(2-E21)))*D21)+U21)*($AW$3*$AW$4*10^-3/$AW$5) -> 0 | AB21: =(F21+U21)*($AW$3*$AW$4*10^-3/$AW$5) -> 0 | AC21: =((((2-0)/(2-H21))*F21+(1-((2-0)/(2-H21)))*G21)+U21)*($AW$3*$AW$4*10^-3/$AW$5) -> 0 | AD21: =(I21+U21)*($AW$3*$AW$4*10^-3/$AW$5) -> 0 | AE21: =((((2-0)/(2-K21))*I21+(1-((2-0)/(2-K21)))*J21)+U21)*($AW$3*$AW$4*10^-3/$AW$5) -> 0 | AF21: =(L21+U21)*($AW$3*$AW$4*10^-3/$AW$5) -> 0 | AG21: =((((2-0)/(2-N21))*L21+(1-((2-0)/(2-N21)))*M21)+U21)*($AW$3*$AW$4*10^-3/$AW$5) -> 0 | AV21: RTln(k(T)) a>b [kCal/mol] | AW21: =(AW15*AW10*LN(AW20)/1000)/AW5 -> #NUM!
W22: =(U22-V22)*($AW$3*$AW$4*10^-3/$AW$5) -> 0 | X22: =O22 -> 0 | Y22: =((((2-0)/(2-Q22))*O22+(1-((2-0)/(2-Q22)))*P22)) -> 0 | Z22: =(C22+U22)*($AW$3*$AW$4*10^-3/$AW$5) -> 0 | AA22: =((((2-0)/(2-E22))*C22+(1-((2-0)/(2-E22)))*D22)+U22)*($AW$3*$AW$4*10^-3/$AW$5) -> 0 | AB22: =(F22+U22)*($AW$3*$AW$4*10^-3/$AW$5) -> 0 | AC22: =((((2-0)/(2-H22))*F22+(1-((2-0)/(2-H22)))*G22)+U22)*($AW$3*$AW$4*10^-3/$AW$5) -> 0 | AD22: =(I22+U22)*($AW$3*$AW$4*10^-3/$AW$5) -> 0 | AE22: =((((2-0)/(2-K22))*I22+(1-((2-0)/(2-K22)))*J22)+U22)*($AW$3*$AW$4*10^-3/$AW$5) -> 0 | AF22: =(L22+U22)*($AW$3*$AW$4*10^-3/$AW$5) -> 0 | AG22: =((((2-0)/(2-N22))*L22+(1-((2-0)/(2-N22)))*M22)+U22)*($AW$3*$AW$4*10^-3/$AW$5) -> 0 | AV22: k(T) a<b | AW22: =(AW19/(AW19-AW18))*(EXP((AW19-AW18)*((AW9)*1000/AW16))-1) -> #NUM!
W23: =(U23-V23)*($AW$3*$AW$4*10^-3/$AW$5) -> 0 | X23: =O23 -> 0 | Y23: =((((2-0)/(2-Q23))*O23+(1-((2-0)/(2-Q23)))*P23)) -> 0 | Z23: =(C23+U23)*($AW$3*$AW$4*10^-3/$AW$5) -> 0 | AA23: =((((2-0)/(2-E23))*C23+(1-((2-0)/(2-E23)))*D23)+U23)*($AW$3*$AW$4*10^-3/$AW$5) -> 0 | AB23: =(F23+U23)*($AW$3*$AW$4*10^-3/$AW$5) -> 0 | AC23: =((((2-0)/(2-H23))*F23+(1-((2-0)/(2-H23)))*G23)+U23)*($AW$3*$AW$4*10^-3/$AW$5) -> 0 | AD23: =(I23+U23)*($AW$3*$AW$4*10^-3/$AW$5) -> 0 | AE23: =((((2-0)/(2-K23))*I23+(1-((2-0)/(2-K23)))*J23)+U23)*($AW$3*$AW$4*10^-3/$AW$5) -> 0 | AF23: =(L23+U23)*($AW$3*$AW$4*10^-3/$AW$5) -> 0 | AG23: =((((2-0)/(2-N23))*L23+(1-((2-0)/(2-N23)))*M23)+U23)*($AW$3*$AW$4*10^-3/$AW$5) -> 0 | AV23: RTln(k(T)) a<b [kCal/mol] | AW23: =(AW15*AW10*LN(AW22)/1000)/AW5 -> #NUM!
W24: =(U24-V24)*($AW$3*$AW$4*10^-3/$AW$5) -> 0 | X24: =O24 -> 0 | Y24: =((((2-0)/(2-Q24))*O24+(1-((2-0)/(2-Q24)))*P24)) -> 0 | Z24: =(C24+U24)*($AW$3*$AW$4*10^-3/$AW$5) -> 0 | AA24: =((((2-0)/(2-E24))*C24+(1-((2-0)/(2-E24)))*D24)+U24)*($AW$3*$AW$4*10^-3/$AW$5) -> 0 | AB24: =(F24+U24)*($AW$3*$AW$4*10^-3/$AW$5) -> 0 | AC24: =((((2-0)/(2-H24))*F24+(1-((2-0)/(2-H24)))*G24)+U24)*($AW$3*$AW$4*10^-3/$AW$5) -> 0 | AD24: =(I24+U24)*($AW$3*$AW$4*10^-3/$AW$5) -> 0 | AE24: =((((2-0)/(2-K24))*I24+(1-((2-0)/(2-K24)))*J24)+U24)*($AW$3*$AW$4*10^-3/$AW$5) -> 0 | AF24: =(L24+U24)*($AW$3*$AW$4*10^-3/$AW$5) -> 0 | AG24: =((((2-0)/(2-N24))*L24+(1-((2-0)/(2-N24)))*M24)+U24)*($AW$3*$AW$4*10^-3/$AW$5) -> 0 | AV24: Wigner approx. Condition: h*v<<kb*T
W25: =(U25-V25)*($AW$3*$AW$4*10^-3/$AW$5) -> 0 | X25: =O25 -> 0 | Y25: =((((2-0)/(2-Q25))*O25+(1-((2-0)/(2-Q25)))*P25)) -> 0 | Z25: =(C25+U25)*($AW$3*$AW$4*10^-3/$AW$5) -> 0 | AA25: =((((2-0)/(2-E25))*C25+(1-((2-0)/(2-E25)))*D25)+U25)*($AW$3*$AW$4*10^-3/$AW$5) -> 0 | AB25: =(F25+U25)*($AW$3*$AW$4*10^-3/$AW$5) -> 0 | AC25: =((((2-0)/(2-H25))*F25+(1-((2-0)/(2-H25)))*G25)+U25)*($AW$3*$AW$4*10^-3/$AW$5) -> 0 | AD25: =(I25+U25)*($AW$3*$AW$4*10^-3/$AW$5) -> 0 | AE25: =((((2-0)/(2-K25))*I25+(1-((2-0)/(2-K25)))*J25)+U25)*($AW$3*$AW$4*10^-3/$AW$5) -> 0 | AF25: =(L25+U25)*($AW$3*$AW$4*10^-3/$AW$5) -> 0 | AG25: =((((2-0)/(2-N25))*L25+(1-((2-0)/(2-N25)))*M25)+U25)*($AW$3*$AW$4*10^-3/$AW$5) -> 0 | AV25: k(T) | AW25: =1+(1/24)*(AW12*AW8*AW17/(AW10*AW13))^2 -> 3451.1319
W26: =(U26-V26)*($AW$3*$AW$4*10^-3/$AW$5) -> 0 | X26: =O26 -> 0 | Y26: =((((2-0)/(2-Q26))*O26+(1-((2-0)/(2-Q26)))*P26)) -> 0 | Z26: =(C26+U26)*($AW$3*$AW$4*10^-3/$AW$5) -> 0 | AA26: =((((2-0)/(2-E26))*C26+(1-((2-0)/(2-E26)))*D26)+U26)*($AW$3*$AW$4*10^-3/$AW$5) -> 0 | AB26: =(F26+U26)*($AW$3*$AW$4*10^-3/$AW$5) -> 0 | AC26: =((((2-0)/(2-H26))*F26+(1-((2-0)/(2-H26)))*G26)+U26)*($AW$3*$AW$4*10^-3/$AW$5) -> 0 | AD26: =(I26+U26)*($AW$3*$AW$4*10^-3/$AW$5) -> 0 | AE26: =((((2-0)/(2-K26))*I26+(1-((2-0)/(2-K26)))*J26)+U26)*($AW$3*$AW$4*10^-3/$AW$5) -> 0 | AF26: =(L26+U26)*($AW$3*$AW$4*10^-3/$AW$5) -> 0 | AG26: =((((2-0)/(2-N26))*L26+(1-((2-0)/(2-N26)))*M26)+U26)*($AW$3*$AW$4*10^-3/$AW$5) -> 0 | AV26: (kb*T)/(h*v*c) | AW26: =(AW10*AW13)/(AW8*AW12*AW17) -> 0.0034751738
W27: =(U27-V27)*($AW$3*$AW$4*10^-3/$AW$5) -> 0 | X27: =O27 -> 0 | Y27: =((((2-0)/(2-Q27))*O27+(1-((2-0)/(2-Q27)))*P27)) -> 0 | Z27: =(C27+U27)*($AW$3*$AW$4*10^-3/$AW$5) -> 0 | AA27: =((((2-0)/(2-E27))*C27+(1-((2-0)/(2-E27)))*D27)+U27)*($AW$3*$AW$4*10^-3/$AW$5) -> 0 | AB27: =(F27+U27)*($AW$3*$AW$4*10^-3/$AW$5) -> 0 | AC27: =((((2-0)/(2-H27))*F27+(1-((2-0)/(2-H27)))*G27)+U27)*($AW$3*$AW$4*10^-3/$AW$5) -> 0 | AD27: =(I27+U27)*($AW$3*$AW$4*10^-3/$AW$5) -> 0 | AE27: =((((2-0)/(2-K27))*I27+(1-((2-0)/(2-K27)))*J27)+U27)*($AW$3*$AW$4*10^-3/$AW$5) -> 0 | AF27: =(L27+U27)*($AW$3*$AW$4*10^-3/$AW$5) -> 0 | AG27: =((((2-0)/(2-N27))*L27+(1-((2-0)/(2-N27)))*M27)+U27)*($AW$3*$AW$4*10^-3/$AW$5) -> 0 | AV27: RTln(k(T)) [kJ/mol] | AW27: =(AW15*AW10*LN(AW25)/1000)/AW5 -> 0.016188671
L28: =(AD17)-2*(AD3) -> 35.514272 | N28: =AG6-AG3 -> 94.024248 | R28: =(-303.002168-2* -151.527799)*($AW$3*$AW$4*10^-3/$AW$5) -> 33.527821 | AV28: (s) | AW28: =2*2*2 -> 8
AV29: RTln(s) kCal/mol | AW29: =(AW10*AW15*LN(AW28)*10^-3)/AW5 -> 0.004132274
A30: DFT=R(U)B3LYP, scrf=B1/CPCM(bondi)//B3LYP/B1, B1=6-31G(d). B2=6-31+(d). B3=631+G(d,p). B4=6311+G(2d,p). B5=6311+G(2df,2p). B6=6311++G(3df,3p) T=298.15
A31: Structure/B2 | B31: B2 E(elec) (He/particle) | C31: B3(LS) E(elec) (He/particle) | D31: B3(HS) E(elec) (He/particle) | E31: <S^2> B3(LS) | F31: B4(LS) E(elec) (He/particle) | G31: B4(HS) E(elec) (He/particle) | H31: <S^2> B4(LS) | I31: B5(LS) E(elec) (He/particle) | J31: B5(HS) E(elec) (He/particle) | K31: <S^2> B5(LS) | L31: B6(LS) E(elec) (He/particle) | M31: B6(HS) E(elec) (He/particle) | N31: <S^2> B6(LS) | O31: B1 ∆Gsolv AQ(LS) (kCal/mol) | P31: B1 ∆Gsolv AQ(HS) (kCal/mol) | Q31: B1 ∆Gsolv AQ(LS) <S^2> | R31: B2 ∆Gsolv AQ(LS) (kCal/mol) | S31: B2 ∆Gsolv AQ(HS) (kCal/mol) | T31: B2 ∆Gsolv AQ(LS) <S^2> | U31: B2 reaction coordinate v (1/cm) | V31: Rotational symmetry number | W31: B2 ZPVE(corr) (H/particle) | X31: B2 H(corr) (H/particle) | Y31: B2 G(corr) (He/particle) | Z31: B2 TS(corr) (kCal/mol) | AA31: solv BS-H(B1/B1) (kCal/mol) | AB31: solv AP-H(B1/B1) (kCal/mol) | AC31: solv BS-H(B2/B2) (kCal/mol) | AD31: solv AP-H(B2/B2) (kCal/mol) | AE31: BS-H(B3/B1) (kCal/mol) | AF31: AP-H(B3/B1) (kCal/mol) | AG31: BS-H(B4/B1) (kCal/mol) | AH31: AP-H(B4/B1) (kCal/mol) | AI31: BS-H(B5/B1) (kCal/mol) | AJ31: AP-H(B5/B1) (kCal/mol) | AK31: BS-H(B6/B1) (kCal/mol) | AL31: AP-H(B6/B1) (kCal/mol)
A32: H2O2 | B32: -151.54771 | C32: -151.55839 | F32: -151.60653 | I32: -151.6108 | L32: -151.61299 | O32: -9.08 | R32: -9.91 | W32: 0.026261 | X32: 0.030428 | Y32: 0.00395 | Z32: =(X32-Y32)*($AW$3*$AW$4*10^-3/$AW$5) -> 16.615191 | AA32: =O32 -> -9.08 | AB32: =((((2-0)/(2-Q32))*O32+(1-((2-0)/(2-Q32)))*P32)) -> -9.08 | AC32: =R32 -> -9.91 | AD32: =((((2-0)/(2-T32))*R32+(1-((2-0)/(2-T32)))*S32)) -> -9.91 | AE32: =(C32+X32)*($AW$3*$AW$4*10^-3/$AW$5) -> -95085.202 | AF32: =((((2-0)/(2-E32))*C32+(1-((2-0)/(2-E32)))*D32)+X32)*($AW$3*$AW$4*10^-3/$AW$5) -> -95085.202 | AG32: =(F32+X32)*($AW$3*$AW$4*10^-3/$AW$5) -> -95115.411 | AH32: =((((2-0)/(2-H32))*F32+(1-((2-0)/(2-H32)))*G32)+X32)*($AW$3*$AW$4*10^-3/$AW$5) -> -95115.411 | AI32: =(I32+X32)*($AW$3*$AW$4*10^-3/$AW$5) -> -95118.093 | AJ32: =((((2-0)/(2-K32))*I32+(1-((2-0)/(2-K32)))*J32)+X32)*($AW$3*$AW$4*10^-3/$AW$5) -> -95118.093 | AK32: =(L32+X32)*($AW$3*$AW$4*10^-3/$AW$5) -> -95119.462 | AL32: =((((2-0)/(2-N32))*L32+(1-((2-0)/(2-N32)))*M32)+X32)*($AW$3*$AW$4*10^-3/$AW$5) -> -95119.462
A33: H2O | B33: -76.422573 | C33: -76.434022 | F33: -76.45946 | I33: -76.462437 | L33: -76.46439 | O33: -8.6 | R33: -9.75 | W33: 0.021097 | X33: 0.024877 | Y33: 0.002782 | Z33: =(X33-Y33)*($AW$3*$AW$4*10^-3/$AW$5) -> 13.864818 | AA33: =O33 -> -8.6 | AB33: =((((2-0)/(2-Q33))*O33+(1-((2-0)/(2-Q33)))*P33)) -> -8.6 | AC33: =R33 -> -9.75 | AD33: =((((2-0)/(2-T33))*R33+(1-((2-0)/(2-T33)))*S33)) -> -9.75 | AE33: =(C33+X33)*($AW$3*$AW$4*10^-3/$AW$5) -> -47947.448 | AF33: =((((2-0)/(2-E33))*C33+(1-((2-0)/(2-E33)))*D33)+X33)*($AW$3*$AW$4*10^-3/$AW$5) -> -47947.448 | AG33: =(F33+X33)*($AW$3*$AW$4*10^-3/$AW$5) -> -47963.41 | AH33: =((((2-0)/(2-H33))*F33+(1-((2-0)/(2-H33)))*G33)+X33)*($AW$3*$AW$4*10^-3/$AW$5) -> -47963.41 | AI33: =(I33+X33)*($AW$3*$AW$4*10^-3/$AW$5) -> -47965.278 | AJ33: =((((2-0)/(2-K33))*I33+(1-((2-0)/(2-K33)))*J33)+X33)*($AW$3*$AW$4*10^-3/$AW$5) -> -47965.278 | AK33: =(L33+X33)*($AW$3*$AW$4*10^-3/$AW$5) -> -47966.504 | AL33: =((((2-0)/(2-N33))*L33+(1-((2-0)/(2-N33)))*M33)+X33)*($AW$3*$AW$4*10^-3/$AW$5) -> -47966.504
A34: HO2(-) | Z34: =(X34-Y34)*($AW$3*$AW$4*10^-3/$AW$5) -> 0 | AA34: =O34 -> 0 | AB34: =((((2-0)/(2-Q34))*O34+(1-((2-0)/(2-Q34)))*P34)) -> 0 | AC34: =R34 -> 0 | AD34: =((((2-0)/(2-T34))*R34+(1-((2-0)/(2-T34)))*S34)) -> 0 | AE34: =(C34+X34)*($AW$3*$AW$4*10^-3/$AW$5) -> 0 | AF34: =((((2-0)/(2-E34))*C34+(1-((2-0)/(2-E34)))*D34)+X34)*($AW$3*$AW$4*10^-3/$AW$5) -> 0 | AG34: =(F34+X34)*($AW$3*$AW$4*10^-3/$AW$5) -> 0 | AH34: =((((2-0)/(2-H34))*F34+(1-((2-0)/(2-H34)))*G34)+X34)*($AW$3*$AW$4*10^-3/$AW$5) -> 0 | AI34: =(I34+X34)*($AW$3*$AW$4*10^-3/$AW$5) -> 0 | AJ34: =((((2-0)/(2-K34))*I34+(1-((2-0)/(2-K34)))*J34)+X34)*($AW$3*$AW$4*10^-3/$AW$5) -> 0 | AK34: =(L34+X34)*($AW$3*$AW$4*10^-3/$AW$5) -> 0 | AL34: =((((2-0)/(2-N34))*L34+(1-((2-0)/(2-N34)))*M34)+X34)*($AW$3*$AW$4*10^-3/$AW$5) -> 0
A35: H2O2_TS | B35: -151.4729 | C35: -151.48308 | D35: -151.48498 | E35: 0.9978 | F35: -151.53102 | G35: -151.53283 | H35: 0.9989 | I35: -151.53434 | J35: -151.53608 | K35: 1.0004 | L35: -151.53665 | M35: -151.53835 | N35: 1.0012 | O35: -6.68 | P35: -6.52 | Q35: 1.0027 | R35: -6.43 | S35: -7.27 | T35: 1.0059 | U35: 213.21 | W35: 0.018364 | X35: 0.023485 | Y35: -0.005564 | Z35: =(X35-Y35)*($AW$3*$AW$4*10^-3/$AW$5) -> 18.228517 | AA35: =O35 -> -6.68 | AB35: =((((2-0)/(2-Q35))*O35+(1-((2-0)/(2-Q35)))*P35)) -> -6.8408663 | AC35: =R35 -> -6.43 | AD35: =((((2-0)/(2-T35))*R35+(1-((2-0)/(2-T35)))*S35)) -> -5.5800292 | AE35: =(C35+X35)*($AW$3*$AW$4*10^-3/$AW$5) -> -95042.301 | AF35: =((((2-0)/(2-E35))*C35+(1-((2-0)/(2-E35)))*D35)+X35)*($AW$3*$AW$4*10^-3/$AW$5) -> -95041.115 | AG35: =(F35+X35)*($AW$3*$AW$4*10^-3/$AW$5) -> -95072.384 | AH35: =((((2-0)/(2-H35))*F35+(1-((2-0)/(2-H35)))*G35)+X35)*($AW$3*$AW$4*10^-3/$AW$5) -> -95071.248 | AI35: =(I35+X35)*($AW$3*$AW$4*10^-3/$AW$5) -> -95074.47 | AJ35: =((((2-0)/(2-K35))*I35+(1-((2-0)/(2-K35)))*J35)+X35)*($AW$3*$AW$4*10^-3/$AW$5) -> -95073.38 | AK35: =(L35+X35)*($AW$3*$AW$4*10^-3/$AW$5) -> -95075.916 | AL35: =((((2-0)/(2-N35))*L35+(1-((2-0)/(2-N35)))*M35)+X35)*($AW$3*$AW$4*10^-3/$AW$5) -> -95074.846
A36: HO2(-)_TS | Z36: =(X36-Y36)*($AW$3*$AW$4*10^-3/$AW$5) -> 0 | AA36: =O36 -> 0 | AB36: =((((2-0)/(2-Q36))*O36+(1-((2-0)/(2-Q36)))*P36)) -> 0 | AC36: =R36 -> 0 | AD36: =((((2-0)/(2-T36))*R36+(1-((2-0)/(2-T36)))*S36)) -> 0 | AE36: =(C36+X36)*($AW$3*$AW$4*10^-3/$AW$5) -> 0 | AF36: =((((2-0)/(2-E36))*C36+(1-((2-0)/(2-E36)))*D36)+X36)*($AW$3*$AW$4*10^-3/$AW$5) -> 0 | AG36: =(F36+X36)*($AW$3*$AW$4*10^-3/$AW$5) -> 0 | AH36: =((((2-0)/(2-H36))*F36+(1-((2-0)/(2-H36)))*G36)+X36)*($AW$3*$AW$4*10^-3/$AW$5) -> 0 | AI36: =(I36+X36)*($AW$3*$AW$4*10^-3/$AW$5) -> 0 | AJ36: =((((2-0)/(2-K36))*I36+(1-((2-0)/(2-K36)))*J36)+X36)*($AW$3*$AW$4*10^-3/$AW$5) -> 0 | AK36: =(L36+X36)*($AW$3*$AW$4*10^-3/$AW$5) -> 0 | AL36: =((((2-0)/(2-N36))*L36+(1-((2-0)/(2-N36)))*M36)+X36)*($AW$3*$AW$4*10^-3/$AW$5) -> 0
A37: H2O2*2H2O_RC | B37: -304.42001 | C37: -304.45188 | F37: -304.549 | I37: -304.55751 | L37: -304.56339 | O37: -14.12 | R37: -15.48 | W37: 0.076742 | X37: 0.086253 | Y37: 0.044496 | Z37: =(X37-Y37)*($AW$3*$AW$4*10^-3/$AW$5) -> 26.202905 | AA37: =O37 -> -14.12 | AB37: =((((2-0)/(2-Q37))*O37+(1-((2-0)/(2-Q37)))*P37)) -> -14.12 | AC37: =R37 -> -15.48 | AD37: =((((2-0)/(2-T37))*R37+(1-((2-0)/(2-T37)))*S37)) -> -15.48 | AE37: =(C37+X37)*($AW$3*$AW$4*10^-3/$AW$5) -> -190992.25 | AF37: =((((2-0)/(2-E37))*C37+(1-((2-0)/(2-E37)))*D37)+X37)*($AW$3*$AW$4*10^-3/$AW$5) -> -190992.25 | AG37: =(F37+X37)*($AW$3*$AW$4*10^-3/$AW$5) -> -191053.2 | AH37: =((((2-0)/(2-H37))*F37+(1-((2-0)/(2-H37)))*G37)+X37)*($AW$3*$AW$4*10^-3/$AW$5) -> -191053.2 | AI37: =(I37+X37)*($AW$3*$AW$4*10^-3/$AW$5) -> -191058.54 | AJ37: =((((2-0)/(2-K37))*I37+(1-((2-0)/(2-K37)))*J37)+X37)*($AW$3*$AW$4*10^-3/$AW$5) -> -191058.54 | AK37: =(L37+X37)*($AW$3*$AW$4*10^-3/$AW$5) -> -191062.23 | AL37: =((((2-0)/(2-N37))*L37+(1-((2-0)/(2-N37)))*M37)+X37)*($AW$3*$AW$4*10^-3/$AW$5) -> -191062.23
A38: H2O2*2H2O_TS | B38: -304.35397 | C38: -304.34488 | D38: -304.35534 | E38: 0.8992 | F38: -304.44121 | G38: -304.45143 | H38: 0.8993 | I38: 0.8993 | J38: -304.45798 | K38: 0.9011 | L38: -304.4543 | M38: -304.46408 | N38: 0.9008 | O38: -10.74 | P38: -10.88 | Q38: 0.8953 | R38: -12.13 | S38: -12.28 | T38: 0.9044 | U38: 150.42 | W38: 0.071029 | X38: 0.08015 | Y38: 0.03958 | Z38: =(X38-Y38)*($AW$3*$AW$4*10^-3/$AW$5) -> 25.458052 | AA38: =O38 -> -10.74 | AB38: =((((2-0)/(2-Q38))*O38+(1-((2-0)/(2-Q38)))*P38)) -> -10.626538 | AC38: =R38 -> -12.13 | AD38: =((((2-0)/(2-T38))*R38+(1-((2-0)/(2-T38)))*S38)) -> -12.006177 | AE38: =(C38+X38)*($AW$3*$AW$4*10^-3/$AW$5) -> -190928.94 | AF38: =((((2-0)/(2-E38))*C38+(1-((2-0)/(2-E38)))*D38)+X38)*($AW$3*$AW$4*10^-3/$AW$5) -> -190923.58 | AG38: =(F38+X38)*($AW$3*$AW$4*10^-3/$AW$5) -> -190989.39 | AH38: =((((2-0)/(2-H38))*F38+(1-((2-0)/(2-H38)))*G38)+X38)*($AW$3*$AW$4*10^-3/$AW$5) -> -190984.15 | AI38: =(I38+X38)*($AW$3*$AW$4*10^-3/$AW$5) -> 614.61397 | AJ38: =((((2-0)/(2-K38))*I38+(1-((2-0)/(2-K38)))*J38)+X38)*($AW$3*$AW$4*10^-3/$AW$5) -> 157738.88 | AK38: =(L38+X38)*($AW$3*$AW$4*10^-3/$AW$5) -> -190997.6 | AL38: =((((2-0)/(2-N38))*L38+(1-((2-0)/(2-N38)))*M38)+X38)*($AW$3*$AW$4*10^-3/$AW$5) -> -190992.57
A39: HO2(-)*2H2O_RC | Z39: =(X39-Y39)*($AW$3*$AW$4*10^-3/$AW$5) -> 0 | AA39: =O39 -> 0 | AB39: =((((2-0)/(2-Q39))*O39+(1-((2-0)/(2-Q39)))*P39)) -> 0 | AC39: =R39 -> 0 | AD39: =((((2-0)/(2-T39))*R39+(1-((2-0)/(2-T39)))*S39)) -> 0 | AE39: =(C39+X39)*($AW$3*$AW$4*10^-3/$AW$5) -> 0 | AF39: =((((2-0)/(2-E39))*C39+(1-((2-0)/(2-E39)))*D39)+X39)*($AW$3*$AW$4*10^-3/$AW$5) -> 0 | AG39: =(F39+X39)*($AW$3*$AW$4*10^-3/$AW$5) -> 0 | AH39: =((((2-0)/(2-H39))*F39+(1-((2-0)/(2-H39)))*G39)+X39)*($AW$3*$AW$4*10^-3/$AW$5) -> 0 | AI39: =(I39+X39)*($AW$3*$AW$4*10^-3/$AW$5) -> 0 | AJ39: =((((2-0)/(2-K39))*I39+(1-((2-0)/(2-K39)))*J39)+X39)*($AW$3*$AW$4*10^-3/$AW$5) -> 0 | AK39: =(L39+X39)*($AW$3*$AW$4*10^-3/$AW$5) -> 0 | AL39: =((((2-0)/(2-N39))*L39+(1-((2-0)/(2-N39)))*M39)+X39)*($AW$3*$AW$4*10^-3/$AW$5) -> 0
A40: HO2(-)*2H2O_TS | Z40: =(X40-Y40)*($AW$3*$AW$4*10^-3/$AW$5) -> 0 | AA40: =O40 -> 0 | AB40: =((((2-0)/(2-Q40))*O40+(1-((2-0)/(2-Q40)))*P40)) -> 0 | AC40: =R40 -> 0 | AD40: =((((2-0)/(2-T40))*R40+(1-((2-0)/(2-T40)))*S40)) -> 0 | AE40: =(C40+X40)*($AW$3*$AW$4*10^-3/$AW$5) -> 0 | AF40: =((((2-0)/(2-E40))*C40+(1-((2-0)/(2-E40)))*D40)+X40)*($AW$3*$AW$4*10^-3/$AW$5) -> 0 | AG40: =(F40+X40)*($AW$3*$AW$4*10^-3/$AW$5) -> 0 | AH40: =((((2-0)/(2-H40))*F40+(1-((2-0)/(2-H40)))*G40)+X40)*($AW$3*$AW$4*10^-3/$AW$5) -> 0 | AI40: =(I40+X40)*($AW$3*$AW$4*10^-3/$AW$5) -> 0 | AJ40: =((((2-0)/(2-K40))*I40+(1-((2-0)/(2-K40)))*J40)+X40)*($AW$3*$AW$4*10^-3/$AW$5) -> 0 | AK40: =(L40+X40)*($AW$3*$AW$4*10^-3/$AW$5) -> 0 | AL40: =((((2-0)/(2-N40))*L40+(1-((2-0)/(2-N40)))*M40)+X40)*($AW$3*$AW$4*10^-3/$AW$5) -> 0
A41: O2(2-)*2H2O_RC | B41: -303.12662 | C41: -303.14989 | F41: -303.24451 | I41: -303.25133 | L41: -303.257 | O41: -239.68 | R41: -224.44 | W41: 0.047579 | X41: 0.05669 | Y41: 0.014308 | Z41: =(X41-Y41)*($AW$3*$AW$4*10^-3/$AW$5) -> 26.595098 | AA41: =O41 -> -239.68 | AB41: =((((2-0)/(2-Q41))*O41+(1-((2-0)/(2-Q41)))*P41)) -> -239.68 | AC41: =R41 -> -224.44 | AD41: =((((2-0)/(2-T41))*R41+(1-((2-0)/(2-T41)))*S41)) -> -224.44 | AE41: =(C41+X41)*($AW$3*$AW$4*10^-3/$AW$5) -> -190193.8 | AF41: =((((2-0)/(2-E41))*C41+(1-((2-0)/(2-E41)))*D41)+X41)*($AW$3*$AW$4*10^-3/$AW$5) -> -190193.8 | AG41: =(F41+X41)*($AW$3*$AW$4*10^-3/$AW$5) -> -190253.17 | AH41: =((((2-0)/(2-H41))*F41+(1-((2-0)/(2-H41)))*G41)+X41)*($AW$3*$AW$4*10^-3/$AW$5) -> -190253.17 | AI41: =(I41+X41)*($AW$3*$AW$4*10^-3/$AW$5) -> -190257.45 | AJ41: =((((2-0)/(2-K41))*I41+(1-((2-0)/(2-K41)))*J41)+X41)*($AW$3*$AW$4*10^-3/$AW$5) -> -190257.45 | AK41: =(L41+X41)*($AW$3*$AW$4*10^-3/$AW$5) -> -190261.01 | AL41: =((((2-0)/(2-N41))*L41+(1-((2-0)/(2-N41)))*M41)+X41)*($AW$3*$AW$4*10^-3/$AW$5) -> -190261.01
A42: O2(2-)*2H2O_TS | B42: -303.03526 | C42: -303.05687 | D42: -303.0708 | E42: 1.0146 | F42: -303.14906 | G42: -303.16274 | H42: 1.015 | I42: -303.15309 | J42: -303.16639 | K42: 1.0156 | L42: -303.15841 | M42: -303.17174 | N42: 1.0165 | O42: -234.95 | P42: -234.76 | Q42: 0.9933 | R42: -217.42 | S42: -217.09 | T42: 1.0027 | U42: 69.46 | W42: 0.049888 | X42: 0.057284 | Y42: 0.018928 | Z42: =(X42-Y42)*($AW$3*$AW$4*10^-3/$AW$5) -> 24.068746 | AA42: =O42 -> -234.95 | AB42: =((((2-0)/(2-Q42))*O42+(1-((2-0)/(2-Q42)))*P42)) -> -235.13747 | AC42: =R42 -> -217.42 | AD42: =((((2-0)/(2-T42))*R42+(1-((2-0)/(2-T42)))*S42)) -> -217.75179 | AE42: =(C42+X42)*($AW$3*$AW$4*10^-3/$AW$5) -> -190135.05 | AF42: =((((2-0)/(2-E42))*C42+(1-((2-0)/(2-E42)))*D42)+X42)*($AW$3*$AW$4*10^-3/$AW$5) -> -190126.05 | AG42: =(F42+X42)*($AW$3*$AW$4*10^-3/$AW$5) -> -190192.9 | AH42: =((((2-0)/(2-H42))*F42+(1-((2-0)/(2-H42)))*G42)+X42)*($AW$3*$AW$4*10^-3/$AW$5) -> -190184.06 | AI42: =(I42+X42)*($AW$3*$AW$4*10^-3/$AW$5) -> -190195.43 | AJ42: =((((2-0)/(2-K42))*I42+(1-((2-0)/(2-K42)))*J42)+X42)*($AW$3*$AW$4*10^-3/$AW$5) -> -190186.82 | AK42: =(L42+X42)*($AW$3*$AW$4*10^-3/$AW$5) -> -190198.77 | AL42: =((((2-0)/(2-N42))*L42+(1-((2-0)/(2-N42)))*M42)+X42)*($AW$3*$AW$4*10^-3/$AW$5) -> -190190.13
A43: H2O2*H2O2_TS | B43: -303.03867 | C43: -303.05916 | D43: -303.05575 | E43: 0.9763 | F43: -303.15454 | G43: -303.15422 | H43: 0.9761 | I43: -303.16168 | J43: -303.16131 | K43: 0.9758 | L43: -303.16651 | M43: -303.16615 | N43: 0.9762 | O43: -9.09 | P43: -9.34 | Q43: 0.9841 | R43: -10.27 | S43: -10.66 | T43: 0.9774 | U43: 285.65 | W43: 0.048993 | X43: 0.05707 | Y43: 0.018351 | Z43: =(X43-Y43)*($AW$3*$AW$4*10^-3/$AW$5) -> 24.296532 | AA43: =O43 -> -9.09 | AB43: =((((2-0)/(2-Q43))*O43+(1-((2-0)/(2-Q43)))*P43)) -> -8.8478256 | AC43: =R43 -> -10.27 | AD43: =((((2-0)/(2-T43))*R43+(1-((2-0)/(2-T43)))*S43)) -> -9.8972384 | AE43: =(C43+X43)*($AW$3*$AW$4*10^-3/$AW$5) -> -190136.62 | AF43: =((((2-0)/(2-E43))*C43+(1-((2-0)/(2-E43)))*D43)+X43)*($AW$3*$AW$4*10^-3/$AW$5) -> -190138.66 | AG43: =(F43+X43)*($AW$3*$AW$4*10^-3/$AW$5) -> -190196.47 | AH43: =((((2-0)/(2-H43))*F43+(1-((2-0)/(2-H43)))*G43)+X43)*($AW$3*$AW$4*10^-3/$AW$5) -> -190196.67 | AI43: =(I43+X43)*($AW$3*$AW$4*10^-3/$AW$5) -> -190200.96 | AJ43: =((((2-0)/(2-K43))*I43+(1-((2-0)/(2-K43)))*J43)+X43)*($AW$3*$AW$4*10^-3/$AW$5) -> -190201.18 | AK43: =(L43+X43)*($AW$3*$AW$4*10^-3/$AW$5) -> -190203.99 | AL43: =((((2-0)/(2-N43))*L43+(1-((2-0)/(2-N43)))*M43)+X43)*($AW$3*$AW$4*10^-3/$AW$5) -> -190204.21
A44: HO2(-)*H2O_RC | Z44: =(X44-Y44)*($AW$3*$AW$4*10^-3/$AW$5) -> 0 | AA44: =O44 -> 0 | AB44: =((((2-0)/(2-Q44))*O44+(1-((2-0)/(2-Q44)))*P44)) -> 0 | AC44: =R44 -> 0 | AD44: =((((2-0)/(2-T44))*R44+(1-((2-0)/(2-T44)))*S44)) -> 0 | AE44: =(C44+X44)*($AW$3*$AW$4*10^-3/$AW$5) -> 0 | AF44: =((((2-0)/(2-E44))*C44+(1-((2-0)/(2-E44)))*D44)+X44)*($AW$3*$AW$4*10^-3/$AW$5) -> 0 | AG44: =(F44+X44)*($AW$3*$AW$4*10^-3/$AW$5) -> 0 | AH44: =((((2-0)/(2-H44))*F44+(1-((2-0)/(2-H44)))*G44)+X44)*($AW$3*$AW$4*10^-3/$AW$5) -> 0 | AI44: =(I44+X44)*($AW$3*$AW$4*10^-3/$AW$5) -> 0 | AJ44: =((((2-0)/(2-K44))*I44+(1-((2-0)/(2-K44)))*J44)+X44)*($AW$3*$AW$4*10^-3/$AW$5) -> 0 | AK44: =(L44+X44)*($AW$3*$AW$4*10^-3/$AW$5) -> 0 | AL44: =((((2-0)/(2-N44))*L44+(1-((2-0)/(2-N44)))*M44)+X44)*($AW$3*$AW$4*10^-3/$AW$5) -> 0
A45: HO2(-)*H2O_TS | Z45: =(X45-Y45)*($AW$3*$AW$4*10^-3/$AW$5) -> 0 | AA45: =O45 -> 0 | AB45: =((((2-0)/(2-Q45))*O45+(1-((2-0)/(2-Q45)))*P45)) -> 0 | AC45: =R45 -> 0 | AD45: =((((2-0)/(2-T45))*R45+(1-((2-0)/(2-T45)))*S45)) -> 0 | AE45: =(C45+X45)*($AW$3*$AW$4*10^-3/$AW$5) -> 0 | AF45: =((((2-0)/(2-E45))*C45+(1-((2-0)/(2-E45)))*D45)+X45)*($AW$3*$AW$4*10^-3/$AW$5) -> 0 | AG45: =(F45+X45)*($AW$3*$AW$4*10^-3/$AW$5) -> 0 | AH45: =((((2-0)/(2-H45))*F45+(1-((2-0)/(2-H45)))*G45)+X45)*($AW$3*$AW$4*10^-3/$AW$5) -> 0 | AI45: =(I45+X45)*($AW$3*$AW$4*10^-3/$AW$5) -> 0 | AJ45: =((((2-0)/(2-K45))*I45+(1-((2-0)/(2-K45)))*J45)+X45)*($AW$3*$AW$4*10^-3/$AW$5) -> 0 | AK45: =(L45+X45)*($AW$3*$AW$4*10^-3/$AW$5) -> 0 | AL45: =((((2-0)/(2-N45))*L45+(1-((2-0)/(2-N45)))*M45)+X45)*($AW$3*$AW$4*10^-3/$AW$5) -> 0
A46: H2O2*H2O_RC | Z46: =(X46-Y46)*($AW$3*$AW$4*10^-3/$AW$5) -> 0 | AA46: =O46 -> 0 | AB46: =((((2-0)/(2-Q46))*O46+(1-((2-0)/(2-Q46)))*P46)) -> 0 | AC46: =R46 -> 0 | AD46: =((((2-0)/(2-T46))*R46+(1-((2-0)/(2-T46)))*S46)) -> 0 | AE46: =(C46+X46)*($AW$3*$AW$4*10^-3/$AW$5) -> 0 | AF46: =((((2-0)/(2-E46))*C46+(1-((2-0)/(2-E46)))*D46)+X46)*($AW$3*$AW$4*10^-3/$AW$5) -> 0 | AG46: =(F46+X46)*($AW$3*$AW$4*10^-3/$AW$5) -> 0 | AH46: =((((2-0)/(2-H46))*F46+(1-((2-0)/(2-H46)))*G46)+X46)*($AW$3*$AW$4*10^-3/$AW$5) -> 0 | AI46: =(I46+X46)*($AW$3*$AW$4*10^-3/$AW$5) -> 0 | AJ46: =((((2-0)/(2-K46))*I46+(1-((2-0)/(2-K46)))*J46)+X46)*($AW$3*$AW$4*10^-3/$AW$5) -> 0 | AK46: =(L46+X46)*($AW$3*$AW$4*10^-3/$AW$5) -> 0 | AL46: =((((2-0)/(2-N46))*L46+(1-((2-0)/(2-N46)))*M46)+X46)*($AW$3*$AW$4*10^-3/$AW$5) -> 0
A47: H2O2*H2O_TS | B47: -227.91221 | C47: -227.89576 | E47: 0.9376 | F47: -227.96798 | H47: 0.9378 | I47: -227.97307 | K47: 0.9385 | L47: -227.9772 | N47: 0.9387 | O47: -7.95 | Q47: 0.9294 | S47: -8.82 | U47: 0.9373 | W47: 0.044262 | X47: 0.051592 | Y47: 0.015815 | Z47: =(X47-Y47)*($AW$3*$AW$4*10^-3/$AW$5) -> 22.4504 | AA47: =O47 -> -7.95 | AB47: =((((2-0)/(2-Q47))*O47+(1-((2-0)/(2-Q47)))*P47)) -> -14.851485 | AC47: =R47 -> 0 | AD47: =((((2-0)/(2-T47))*R47+(1-((2-0)/(2-T47)))*S47)) -> 0 | AE47: =(C47+X47)*($AW$3*$AW$4*10^-3/$AW$5) -> -142974.33 | AF47: =((((2-0)/(2-E47))*C47+(1-((2-0)/(2-E47)))*D47)+X47)*($AW$3*$AW$4*10^-3/$AW$5) -> -269182.06 | AG47: =(F47+X47)*($AW$3*$AW$4*10^-3/$AW$5) -> -143019.65 | AH47: =((((2-0)/(2-H47))*F47+(1-((2-0)/(2-H47)))*G47)+X47)*($AW$3*$AW$4*10^-3/$AW$5) -> -269318.08 | AI47: =(I47+X47)*($AW$3*$AW$4*10^-3/$AW$5) -> -143022.85 | AJ47: =((((2-0)/(2-K47))*I47+(1-((2-0)/(2-K47)))*J47)+X47)*($AW$3*$AW$4*10^-3/$AW$5) -> -269501.72 | AK47: =(L47+X47)*($AW$3*$AW$4*10^-3/$AW$5) -> -143025.43 | AL47: =((((2-0)/(2-N47))*L47+(1-((2-0)/(2-N47)))*M47)+X47)*($AW$3*$AW$4*10^-3/$AW$5) -> -269557.39
Z48: =(X48-Y48)*($AW$3*$AW$4*10^-3/$AW$5) -> 0 | AA48: =O48 -> 0 | AB48: =((((2-0)/(2-Q48))*O48+(1-((2-0)/(2-Q48)))*P48)) -> 0 | AC48: =R48 -> 0 | AD48: =((((2-0)/(2-T48))*R48+(1-((2-0)/(2-T48)))*S48)) -> 0 | AE48: =(C48+X48)*($AW$3*$AW$4*10^-3/$AW$5) -> 0 | AF48: =((((2-0)/(2-E48))*C48+(1-((2-0)/(2-E48)))*D48)+X48)*($AW$3*$AW$4*10^-3/$AW$5) -> 0 | AG48: =(F48+X48)*($AW$3*$AW$4*10^-3/$AW$5) -> 0 | AH48: =((((2-0)/(2-H48))*F48+(1-((2-0)/(2-H48)))*G48)+X48)*($AW$3*$AW$4*10^-3/$AW$5) -> 0 | AI48: =(I48+X48)*($AW$3*$AW$4*10^-3/$AW$5) -> 0 | AJ48: =((((2-0)/(2-K48))*I48+(1-((2-0)/(2-K48)))*J48)+X48)*($AW$3*$AW$4*10^-3/$AW$5) -> 0 | AK48: =(L48+X48)*($AW$3*$AW$4*10^-3/$AW$5) -> 0 | AL48: =((((2-0)/(2-N48))*L48+(1-((2-0)/(2-N48)))*M48)+X48)*($AW$3*$AW$4*10^-3/$AW$5) -> 0
Z49: =(X49-Y49)*($AW$3*$AW$4*10^-3/$AW$5) -> 0 | AA49: =O49 -> 0 | AB49: =((((2-0)/(2-Q49))*O49+(1-((2-0)/(2-Q49)))*P49)) -> 0 | AC49: =R49 -> 0 | AD49: =((((2-0)/(2-T49))*R49+(1-((2-0)/(2-T49)))*S49)) -> 0 | AE49: =(C49+X49)*($AW$3*$AW$4*10^-3/$AW$5) -> 0 | AF49: =((((2-0)/(2-E49))*C49+(1-((2-0)/(2-E49)))*D49)+X49)*($AW$3*$AW$4*10^-3/$AW$5) -> 0 | AG49: =(F49+X49)*($AW$3*$AW$4*10^-3/$AW$5) -> 0 | AH49: =((((2-0)/(2-H49))*F49+(1-((2-0)/(2-H49)))*G49)+X49)*($AW$3*$AW$4*10^-3/$AW$5) -> 0 | AI49: =(I49+X49)*($AW$3*$AW$4*10^-3/$AW$5) -> 0 | AJ49: =((((2-0)/(2-K49))*I49+(1-((2-0)/(2-K49)))*J49)+X49)*($AW$3*$AW$4*10^-3/$AW$5) -> 0 | AK49: =(L49+X49)*($AW$3*$AW$4*10^-3/$AW$5) -> 0 | AL49: =((((2-0)/(2-N49))*L49+(1-((2-0)/(2-N49)))*M49)+X49)*($AW$3*$AW$4*10^-3/$AW$5) -> 0
Z50: =(X50-Y50)*($AW$3*$AW$4*10^-3/$AW$5) -> 0 | AA50: =O50 -> 0 | AB50: =((((2-0)/(2-Q50))*O50+(1-((2-0)/(2-Q50)))*P50)) -> 0 | AC50: =R50 -> 0 | AD50: =((((2-0)/(2-T50))*R50+(1-((2-0)/(2-T50)))*S50)) -> 0 | AE50: =(C50+X50)*($AW$3*$AW$4*10^-3/$AW$5) -> 0 | AF50: =((((2-0)/(2-E50))*C50+(1-((2-0)/(2-E50)))*D50)+X50)*($AW$3*$AW$4*10^-3/$AW$5) -> 0 | AG50: =(F50+X50)*($AW$3*$AW$4*10^-3/$AW$5) -> 0 | AH50: =((((2-0)/(2-H50))*F50+(1-((2-0)/(2-H50)))*G50)+X50)*($AW$3*$AW$4*10^-3/$AW$5) -> 0 | AI50: =(I50+X50)*($AW$3*$AW$4*10^-3/$AW$5) -> 0 | AJ50: =((((2-0)/(2-K50))*I50+(1-((2-0)/(2-K50)))*J50)+X50)*($AW$3*$AW$4*10^-3/$AW$5) -> 0 | AK50: =(L50+X50)*($AW$3*$AW$4*10^-3/$AW$5) -> 0 | AL50: =((((2-0)/(2-N50))*L50+(1-((2-0)/(2-N50)))*M50)+X50)*($AW$3*$AW$4*10^-3/$AW$5) -> 0
Z51: =(X51-Y51)*($AW$3*$AW$4*10^-3/$AW$5) -> 0 | AA51: =O51 -> 0 | AB51: =((((2-0)/(2-Q51))*O51+(1-((2-0)/(2-Q51)))*P51)) -> 0 | AC51: =R51 -> 0 | AD51: =((((2-0)/(2-T51))*R51+(1-((2-0)/(2-T51)))*S51)) -> 0 | AE51: =(C51+X51)*($AW$3*$AW$4*10^-3/$AW$5) -> 0 | AF51: =((((2-0)/(2-E51))*C51+(1-((2-0)/(2-E51)))*D51)+X51)*($AW$3*$AW$4*10^-3/$AW$5) -> 0 | AG51: =(F51+X51)*($AW$3*$AW$4*10^-3/$AW$5) -> 0 | AH51: =((((2-0)/(2-H51))*F51+(1-((2-0)/(2-H51)))*G51)+X51)*($AW$3*$AW$4*10^-3/$AW$5) -> 0 | AI51: =(I51+X51)*($AW$3*$AW$4*10^-3/$AW$5) -> 0 | AJ51: =((((2-0)/(2-K51))*I51+(1-((2-0)/(2-K51)))*J51)+X51)*($AW$3*$AW$4*10^-3/$AW$5) -> 0 | AK51: =(L51+X51)*($AW$3*$AW$4*10^-3/$AW$5) -> 0 | AL51: =((((2-0)/(2-N51))*L51+(1-((2-0)/(2-N51)))*M51)+X51)*($AW$3*$AW$4*10^-3/$AW$5) -> 0
Z52: =(X52-Y52)*($AW$3*$AW$4*10^-3/$AW$5) -> 0 | AA52: =O52 -> 0 | AB52: =((((2-0)/(2-Q52))*O52+(1-((2-0)/(2-Q52)))*P52)) -> 0 | AC52: =R52 -> 0 | AD52: =((((2-0)/(2-T52))*R52+(1-((2-0)/(2-T52)))*S52)) -> 0 | AE52: =(C52+X52)*($AW$3*$AW$4*10^-3/$AW$5) -> 0 | AF52: =((((2-0)/(2-E52))*C52+(1-((2-0)/(2-E52)))*D52)+X52)*($AW$3*$AW$4*10^-3/$AW$5) -> 0 | AG52: =(F52+X52)*($AW$3*$AW$4*10^-3/$AW$5) -> 0 | AH52: =((((2-0)/(2-H52))*F52+(1-((2-0)/(2-H52)))*G52)+X52)*($AW$3*$AW$4*10^-3/$AW$5) -> 0 | AI52: =(I52+X52)*($AW$3*$AW$4*10^-3/$AW$5) -> 0 | AJ52: =((((2-0)/(2-K52))*I52+(1-((2-0)/(2-K52)))*J52)+X52)*($AW$3*$AW$4*10^-3/$AW$5) -> 0 | AK52: =(L52+X52)*($AW$3*$AW$4*10^-3/$AW$5) -> 0 | AL52: =((((2-0)/(2-N52))*L52+(1-((2-0)/(2-N52)))*M52)+X52)*($AW$3*$AW$4*10^-3/$AW$5) -> 0
Z53: =(X53-Y53)*($AW$3*$AW$4*10^-3/$AW$5) -> 0 | AA53: =O53 -> 0 | AB53: =((((2-0)/(2-Q53))*O53+(1-((2-0)/(2-Q53)))*P53)) -> 0 | AC53: =R53 -> 0 | AD53: =((((2-0)/(2-T53))*R53+(1-((2-0)/(2-T53)))*S53)) -> 0 | AE53: =(C53+X53)*($AW$3*$AW$4*10^-3/$AW$5) -> 0 | AF53: =((((2-0)/(2-E53))*C53+(1-((2-0)/(2-E53)))*D53)+X53)*($AW$3*$AW$4*10^-3/$AW$5) -> 0 | AG53: =(F53+X53)*($AW$3*$AW$4*10^-3/$AW$5) -> 0 | AH53: =((((2-0)/(2-H53))*F53+(1-((2-0)/(2-H53)))*G53)+X53)*($AW$3*$AW$4*10^-3/$AW$5) -> 0 | AI53: =(I53+X53)*($AW$3*$AW$4*10^-3/$AW$5) -> 0 | AJ53: =((((2-0)/(2-K53))*I53+(1-((2-0)/(2-K53)))*J53)+X53)*($AW$3*$AW$4*10^-3/$AW$5) -> 0 | AK53: =(L53+X53)*($AW$3*$AW$4*10^-3/$AW$5) -> 0 | AL53: =((((2-0)/(2-N53))*L53+(1-((2-0)/(2-N53)))*M53)+X53)*($AW$3*$AW$4*10^-3/$AW$5) -> 0
Z54: =(X54-Y54)*($AW$3*$AW$4*10^-3/$AW$5) -> 0 | AA54: =O54 -> 0 | AB54: =((((2-0)/(2-Q54))*O54+(1-((2-0)/(2-Q54)))*P54)) -> 0 | AC54: =R54 -> 0 | AD54: =((((2-0)/(2-T54))*R54+(1-((2-0)/(2-T54)))*S54)) -> 0 | AE54: =(C54+X54)*($AW$3*$AW$4*10^-3/$AW$5) -> 0 | AF54: =((((2-0)/(2-E54))*C54+(1-((2-0)/(2-E54)))*D54)+X54)*($AW$3*$AW$4*10^-3/$AW$5) -> 0 | AG54: =(F54+X54)*($AW$3*$AW$4*10^-3/$AW$5) -> 0 | AH54: =((((2-0)/(2-H54))*F54+(1-((2-0)/(2-H54)))*G54)+X54)*($AW$3*$AW$4*10^-3/$AW$5) -> 0 | AI54: =(I54+X54)*($AW$3*$AW$4*10^-3/$AW$5) -> 0 | AJ54: =((((2-0)/(2-K54))*I54+(1-((2-0)/(2-K54)))*J54)+X54)*($AW$3*$AW$4*10^-3/$AW$5) -> 0 | AK54: =(L54+X54)*($AW$3*$AW$4*10^-3/$AW$5) -> 0 | AL54: =((((2-0)/(2-N54))*L54+(1-((2-0)/(2-N54)))*M54)+X54)*($AW$3*$AW$4*10^-3/$AW$5) -> 0
Z55: =(X55-Y55)*($AW$3*$AW$4*10^-3/$AW$5) -> 0 | AA55: =O55 -> 0 | AB55: =((((2-0)/(2-Q55))*O55+(1-((2-0)/(2-Q55)))*P55)) -> 0 | AC55: =R55 -> 0 | AD55: =((((2-0)/(2-T55))*R55+(1-((2-0)/(2-T55)))*S55)) -> 0 | AE55: =(C55+X55)*($AW$3*$AW$4*10^-3/$AW$5) -> 0 | AF55: =((((2-0)/(2-E55))*C55+(1-((2-0)/(2-E55)))*D55)+X55)*($AW$3*$AW$4*10^-3/$AW$5) -> 0 | AG55: =(F55+X55)*($AW$3*$AW$4*10^-3/$AW$5) -> 0 | AH55: =((((2-0)/(2-H55))*F55+(1-((2-0)/(2-H55)))*G55)+X55)*($AW$3*$AW$4*10^-3/$AW$5) -> 0 | AI55: =(I55+X55)*($AW$3*$AW$4*10^-3/$AW$5) -> 0 | AJ55: =((((2-0)/(2-K55))*I55+(1-((2-0)/(2-K55)))*J55)+X55)*($AW$3*$AW$4*10^-3/$AW$5) -> 0 | AK55: =(L55+X55)*($AW$3*$AW$4*10^-3/$AW$5) -> 0 | AL55: =((((2-0)/(2-N55))*L55+(1-((2-0)/(2-N55)))*M55)+X55)*($AW$3*$AW$4*10^-3/$AW$5) -> 0
Z56: =(X56-Y56)*($AW$3*$AW$4*10^-3/$AW$5) -> 0 | AA56: =O56 -> 0 | AB56: =((((2-0)/(2-Q56))*O56+(1-((2-0)/(2-Q56)))*P56)) -> 0 | AC56: =R56 -> 0 | AD56: =((((2-0)/(2-T56))*R56+(1-((2-0)/(2-T56)))*S56)) -> 0 | AE56: =(C56+X56)*($AW$3*$AW$4*10^-3/$AW$5) -> 0 | AF56: =((((2-0)/(2-E56))*C56+(1-((2-0)/(2-E56)))*D56)+X56)*($AW$3*$AW$4*10^-3/$AW$5) -> 0 | AG56: =(F56+X56)*($AW$3*$AW$4*10^-3/$AW$5) -> 0 | AH56: =((((2-0)/(2-H56))*F56+(1-((2-0)/(2-H56)))*G56)+X56)*($AW$3*$AW$4*10^-3/$AW$5) -> 0 | AI56: =(I56+X56)*($AW$3*$AW$4*10^-3/$AW$5) -> 0 | AJ56: =((((2-0)/(2-K56))*I56+(1-((2-0)/(2-K56)))*J56)+X56)*($AW$3*$AW$4*10^-3/$AW$5) -> 0 | AK56: =(L56+X56)*($AW$3*$AW$4*10^-3/$AW$5) -> 0 | AL56: =((((2-0)/(2-N56))*L56+(1-((2-0)/(2-N56)))*M56)+X56)*($AW$3*$AW$4*10^-3/$AW$5) -> 0
N59: =AL35-AL32 -> 44.61551
W60: =(L43-2*L32)*($AW$3*$AW$4*10^-3/$AW$5) -> 37.309738
T61: b3lyp
K62: =(AK43-Z43)-2*(AK32-Z32) -> 43.867837 | T62: -151.61299
T64: -303.16651 | U64: -303.16615 | V64: 0.9762
T67: m05
T68: -151.53263
T70: -302.95188 | U70: -303.00676 | V70: 0.9111
T74: m052x
T75: -151.53263
T77: -302.95188 | U77: -303.00676 | V77: 0.9111
AH78: =(AL43-2*AL32) -> 34.714669 | AI78: =AK47-(AL33+AL32) -> 60.532634
AH79: =AL38-AL37 -> 69.654325
AH80: =AL42-AL41 -> 70.880413
A81: DFT=R(U)B3LYP, scrf=B1/CPCM(bondi)//B3LYP/B1, B1=6-31G(d). B2=6-31+(d). B3=631+G(d,p). B4=6311+G(2d,p). B5=6311+G(2df,2p). B6=6311++G(3df,3p) T=298.15
A82: Structure/B3 | B82: B2 E(elec) (He/particle) | C82: B3(LS) E(elec) (He/particle) | D82: B3(HS) E(elec) (He/particle) | E82: <S^2> B3(LS) | F82: B4(LS) E(elec) (He/particle) | G82: B4(HS) E(elec) (He/particle) | H82: <S^2> B4(LS) | I82: B5(LS) E(elec) (He/particle) | J82: B5(HS) E(elec) (He/particle) | K82: <S^2> B5(LS) | L82: B6(LS) E(elec) (He/particle) | M82: B6(HS) E(elec) (He/particle) | N82: <S^2> B6(LS) | O82: B1 ∆Gsolv AQ(LS) (kCal/mol) | P82: B1 ∆Gsolv AQ(HS) (kCal/mol) | Q82: B1 ∆Gsolv AQ(LS) <S^2> | R82: B2 ∆Gsolv AQ(LS) (kCal/mol) | S82: B2 ∆Gsolv AQ(HS) (kCal/mol) | T82: B2 ∆Gsolv AQ(LS) <S^2> | U82: B3 reaction coordinate v (1/cm) | V82: Rotational symmetry number | W82: B3 ZPVE(corr) (H/particle) | X82: B3 H(corr) (H/particle) | Y82: B3 G(corr) (He/particle) | Z82: B3 TS(corr) (kCal/mol) | AA82: solv BS-H(B1/B1) (kCal/mol) | AB82: solv AP-H(B1/B1) (kCal/mol) | AC82: solv BS-H(B2/B2) (kCal/mol) | AD82: solv AP-H(B2/B2) (kCal/mol) | AE82: BS-H(B3/B1) (kCal/mol) | AF82: AP-H(B3/B1) (kCal/mol) | AG82: BS-H(B4/B1) (kCal/mol) | AH82: AP-H(B4/B1) (kCal/mol) | AI82: BS-H(B5/B1) (kCal/mol) | AJ82: AP-H(B5/B1) (kCal/mol) | AK82: BS-H(B6/B1) (kCal/mol) | AL82: AP-H(B6/B1) (kCal/mol)
A83: H2O2 704.65 K 1 M | C83: -151.55841 | F83: -151.60657 | I83: -151.61087 | L83: -151.61305 | O83: -9.07 | R83: -9.88 | W83: 0.026052 | X83: 0.038076 | Y83: -0.02889 | Z83: =(X83-Y83)*($AW$3*$AW$4*10^-3/$AW$5) -> 42.021787 | AA83: =O83 -> -9.07 | AB83: =((((2-0)/(2-Q83))*O83+(1-((2-0)/(2-Q83)))*P83)) -> -9.07 | AC83: =R83 -> -9.88 | AD83: =((((2-0)/(2-T83))*R83+(1-((2-0)/(2-T83)))*S83)) -> -9.88 | AE83: =(C83+X83)*($AW$3*$AW$4*10^-3/$AW$5) -> -95080.416 | AF83: =((((2-0)/(2-E83))*C83+(1-((2-0)/(2-E83)))*D83)+X83)*($AW$3*$AW$4*10^-3/$AW$5) -> -95080.416 | AG83: =(F83+X83)*($AW$3*$AW$4*10^-3/$AW$5) -> -95110.637 | AH83: =((((2-0)/(2-H83))*F83+(1-((2-0)/(2-H83)))*G83)+X83)*($AW$3*$AW$4*10^-3/$AW$5) -> -95110.637 | AI83: =(I83+X83)*($AW$3*$AW$4*10^-3/$AW$5) -> -95113.334 | AJ83: =((((2-0)/(2-K83))*I83+(1-((2-0)/(2-K83)))*J83)+X83)*($AW$3*$AW$4*10^-3/$AW$5) -> -95113.334 | AK83: =(L83+X83)*($AW$3*$AW$4*10^-3/$AW$5) -> -95114.7 | AL83: =((((2-0)/(2-N83))*L83+(1-((2-0)/(2-N83)))*M83)+X83)*($AW$3*$AW$4*10^-3/$AW$5) -> -95114.7
A84: H2O2 712.75 K 1 M | C84: -151.55841 | F84: -151.60657 | I84: -151.61087 | L84: -151.61305 | O84: -9.07 | R84: -9.88 | W84: 0.026052 | X84: 0.038252 | Y84: -0.02966 | Z84: =(X84-Y84)*($AW$3*$AW$4*10^-3/$AW$5) -> 42.61541 | AA84: =O84 -> -9.07 | AB84: =((((2-0)/(2-Q84))*O84+(1-((2-0)/(2-Q84)))*P84)) -> -9.07 | AC84: =R84 -> -9.88 | AD84: =((((2-0)/(2-T84))*R84+(1-((2-0)/(2-T84)))*S84)) -> -9.88 | AE84: =(C84+X84)*($AW$3*$AW$4*10^-3/$AW$5) -> -95080.305 | AF84: =((((2-0)/(2-E84))*C84+(1-((2-0)/(2-E84)))*D84)+X84)*($AW$3*$AW$4*10^-3/$AW$5) -> -95080.305 | AG84: =(F84+X84)*($AW$3*$AW$4*10^-3/$AW$5) -> -95110.527 | AH84: =((((2-0)/(2-H84))*F84+(1-((2-0)/(2-H84)))*G84)+X84)*($AW$3*$AW$4*10^-3/$AW$5) -> -95110.527 | AI84: =(I84+X84)*($AW$3*$AW$4*10^-3/$AW$5) -> -95113.224 | AJ84: =((((2-0)/(2-K84))*I84+(1-((2-0)/(2-K84)))*J84)+X84)*($AW$3*$AW$4*10^-3/$AW$5) -> -95113.224 | AK84: =(L84+X84)*($AW$3*$AW$4*10^-3/$AW$5) -> -95114.59 | AL84: =((((2-0)/(2-N84))*L84+(1-((2-0)/(2-N84)))*M84)+X84)*($AW$3*$AW$4*10^-3/$AW$5) -> -95114.59
A85: H2O2 721.55 K 1 M | C85: -151.55841 | F85: -151.60657 | I85: -151.61087 | L85: -151.61305 | O85: -9.07 | R85: -9.88 | W85: 0.026052 | X85: 0.038444 | Y85: -0.0305 | Z85: =(X85-Y85)*($AW$3*$AW$4*10^-3/$AW$5) -> 43.263 | AA85: =O85 -> -9.07 | AB85: =((((2-0)/(2-Q85))*O85+(1-((2-0)/(2-Q85)))*P85)) -> -9.07 | AC85: =R85 -> -9.88 | AD85: =((((2-0)/(2-T85))*R85+(1-((2-0)/(2-T85)))*S85)) -> -9.88 | AE85: =(C85+X85)*($AW$3*$AW$4*10^-3/$AW$5) -> -95080.185 | AF85: =((((2-0)/(2-E85))*C85+(1-((2-0)/(2-E85)))*D85)+X85)*($AW$3*$AW$4*10^-3/$AW$5) -> -95080.185 | AG85: =(F85+X85)*($AW$3*$AW$4*10^-3/$AW$5) -> -95110.406 | AH85: =((((2-0)/(2-H85))*F85+(1-((2-0)/(2-H85)))*G85)+X85)*($AW$3*$AW$4*10^-3/$AW$5) -> -95110.406 | AI85: =(I85+X85)*($AW$3*$AW$4*10^-3/$AW$5) -> -95113.104 | AJ85: =((((2-0)/(2-K85))*I85+(1-((2-0)/(2-K85)))*J85)+X85)*($AW$3*$AW$4*10^-3/$AW$5) -> -95113.104 | AK85: =(L85+X85)*($AW$3*$AW$4*10^-3/$AW$5) -> -95114.469 | AL85: =((((2-0)/(2-N85))*L85+(1-((2-0)/(2-N85)))*M85)+X85)*($AW$3*$AW$4*10^-3/$AW$5) -> -95114.469
A86: H2O2 731.75 K 1 M | C86: -151.55841 | F86: -151.60657 | I86: -151.61087 | L86: -151.61305 | O86: -9.07 | R86: -9.88 | W86: 0.026052 | X86: 0.038668 | Y86: -0.031476 | Z86: =(X86-Y86)*($AW$3*$AW$4*10^-3/$AW$5) -> 44.016011 | AA86: =O86 -> -9.07 | AB86: =((((2-0)/(2-Q86))*O86+(1-((2-0)/(2-Q86)))*P86)) -> -9.07 | AC86: =R86 -> -9.88 | AD86: =((((2-0)/(2-T86))*R86+(1-((2-0)/(2-T86)))*S86)) -> -9.88 | AE86: =(C86+X86)*($AW$3*$AW$4*10^-3/$AW$5) -> -95080.044 | AF86: =((((2-0)/(2-E86))*C86+(1-((2-0)/(2-E86)))*D86)+X86)*($AW$3*$AW$4*10^-3/$AW$5) -> -95080.044 | AG86: =(F86+X86)*($AW$3*$AW$4*10^-3/$AW$5) -> -95110.266 | AH86: =((((2-0)/(2-H86))*F86+(1-((2-0)/(2-H86)))*G86)+X86)*($AW$3*$AW$4*10^-3/$AW$5) -> -95110.266 | AI86: =(I86+X86)*($AW$3*$AW$4*10^-3/$AW$5) -> -95112.963 | AJ86: =((((2-0)/(2-K86))*I86+(1-((2-0)/(2-K86)))*J86)+X86)*($AW$3*$AW$4*10^-3/$AW$5) -> -95112.963 | AK86: =(L86+X86)*($AW$3*$AW$4*10^-3/$AW$5) -> -95114.329 | AL86: =((((2-0)/(2-N86))*L86+(1-((2-0)/(2-N86)))*M86)+X86)*($AW$3*$AW$4*10^-3/$AW$5) -> -95114.329
A87: H2O2 741.65 K 1 M | C87: -151.55841 | F87: -151.60657 | I87: -151.61087 | L87: -151.61305 | O87: -9.07 | R87: -9.88 | W87: 0.026052 | X87: 0.038886 | Y87: -0.032427 | Z87: =(X87-Y87)*($AW$3*$AW$4*10^-3/$AW$5) -> 44.749569 | AA87: =O87 -> -9.07 | AB87: =((((2-0)/(2-Q87))*O87+(1-((2-0)/(2-Q87)))*P87)) -> -9.07 | AC87: =R87 -> -9.88 | AD87: =((((2-0)/(2-T87))*R87+(1-((2-0)/(2-T87)))*S87)) -> -9.88 | AE87: =(C87+X87)*($AW$3*$AW$4*10^-3/$AW$5) -> -95079.908 | AF87: =((((2-0)/(2-E87))*C87+(1-((2-0)/(2-E87)))*D87)+X87)*($AW$3*$AW$4*10^-3/$AW$5) -> -95079.908 | AG87: =(F87+X87)*($AW$3*$AW$4*10^-3/$AW$5) -> -95110.129 | AH87: =((((2-0)/(2-H87))*F87+(1-((2-0)/(2-H87)))*G87)+X87)*($AW$3*$AW$4*10^-3/$AW$5) -> -95110.129 | AI87: =(I87+X87)*($AW$3*$AW$4*10^-3/$AW$5) -> -95112.826 | AJ87: =((((2-0)/(2-K87))*I87+(1-((2-0)/(2-K87)))*J87)+X87)*($AW$3*$AW$4*10^-3/$AW$5) -> -95112.826 | AK87: =(L87+X87)*($AW$3*$AW$4*10^-3/$AW$5) -> -95114.192 | AL87: =((((2-0)/(2-N87))*L87+(1-((2-0)/(2-N87)))*M87)+X87)*($AW$3*$AW$4*10^-3/$AW$5) -> -95114.192
A88: M05 | L88: -151.53268 | W88: 0.026052 | X88: 0.039076 | Y88: -0.0332576 | Z88: =(X88-Y88)*($AW$3*$AW$4*10^-3/$AW$5) -> 45.390005 | AA88: =O88 -> 0 | AB88: =((((2-0)/(2-Q88))*O88+(1-((2-0)/(2-Q88)))*P88)) -> 0 | AC88: =R88 -> 0 | AD88: =((((2-0)/(2-T88))*R88+(1-((2-0)/(2-T88)))*S88)) -> 0 | AE88: =(C88+X88)*($AW$3*$AW$4*10^-3/$AW$5) -> 24.520553 | AF88: =((((2-0)/(2-E88))*C88+(1-((2-0)/(2-E88)))*D88)+X88)*($AW$3*$AW$4*10^-3/$AW$5) -> 24.520553 | AG88: =(F88+X88)*($AW$3*$AW$4*10^-3/$AW$5) -> 24.520553 | AH88: =((((2-0)/(2-H88))*F88+(1-((2-0)/(2-H88)))*G88)+X88)*($AW$3*$AW$4*10^-3/$AW$5) -> 24.520553 | AI88: =(I88+X88)*($AW$3*$AW$4*10^-3/$AW$5) -> 24.520553 | AJ88: =((((2-0)/(2-K88))*I88+(1-((2-0)/(2-K88)))*J88)+X88)*($AW$3*$AW$4*10^-3/$AW$5) -> 24.520553 | AK88: =(L88+X88)*($AW$3*$AW$4*10^-3/$AW$5) -> -95063.644 | AL88: =((((2-0)/(2-N88))*L88+(1-((2-0)/(2-N88)))*M88)+X88)*($AW$3*$AW$4*10^-3/$AW$5) -> -95063.644
Z89: =(X89-Y89)*($AW$3*$AW$4*10^-3/$AW$5) -> 0 | AA89: =O89 -> 0 | AB89: =((((2-0)/(2-Q89))*O89+(1-((2-0)/(2-Q89)))*P89)) -> 0 | AC89: =R89 -> 0 | AD89: =((((2-0)/(2-T89))*R89+(1-((2-0)/(2-T89)))*S89)) -> 0 | AE89: =(C89+X89)*($AW$3*$AW$4*10^-3/$AW$5) -> 0 | AF89: =((((2-0)/(2-E89))*C89+(1-((2-0)/(2-E89)))*D89)+X89)*($AW$3*$AW$4*10^-3/$AW$5) -> 0 | AG89: =(F89+X89)*($AW$3*$AW$4*10^-3/$AW$5) -> 0 | AH89: =((((2-0)/(2-H89))*F89+(1-((2-0)/(2-H89)))*G89)+X89)*($AW$3*$AW$4*10^-3/$AW$5) -> 0 | AI89: =(I89+X89)*($AW$3*$AW$4*10^-3/$AW$5) -> 0 | AJ89: =((((2-0)/(2-K89))*I89+(1-((2-0)/(2-K89)))*J89)+X89)*($AW$3*$AW$4*10^-3/$AW$5) -> 0 | AK89: =(L89+X89)*($AW$3*$AW$4*10^-3/$AW$5) -> 0 | AL89: =((((2-0)/(2-N89))*L89+(1-((2-0)/(2-N89)))*M89)+X89)*($AW$3*$AW$4*10^-3/$AW$5) -> 0
Z90: =(X90-Y90)*($AW$3*$AW$4*10^-3/$AW$5) -> 0 | AA90: =O90 -> 0 | AB90: =((((2-0)/(2-Q90))*O90+(1-((2-0)/(2-Q90)))*P90)) -> 0 | AC90: =R90 -> 0 | AD90: =((((2-0)/(2-T90))*R90+(1-((2-0)/(2-T90)))*S90)) -> 0 | AE90: =(C90+X90)*($AW$3*$AW$4*10^-3/$AW$5) -> 0 | AF90: =((((2-0)/(2-E90))*C90+(1-((2-0)/(2-E90)))*D90)+X90)*($AW$3*$AW$4*10^-3/$AW$5) -> 0 | AG90: =(F90+X90)*($AW$3*$AW$4*10^-3/$AW$5) -> 0 | AH90: =((((2-0)/(2-H90))*F90+(1-((2-0)/(2-H90)))*G90)+X90)*($AW$3*$AW$4*10^-3/$AW$5) -> 0 | AI90: =(I90+X90)*($AW$3*$AW$4*10^-3/$AW$5) -> 0 | AJ90: =((((2-0)/(2-K90))*I90+(1-((2-0)/(2-K90)))*J90)+X90)*($AW$3*$AW$4*10^-3/$AW$5) -> 0 | AK90: =(L90+X90)*($AW$3*$AW$4*10^-3/$AW$5) -> 0 | AL90: =((((2-0)/(2-N90))*L90+(1-((2-0)/(2-N90)))*M90)+X90)*($AW$3*$AW$4*10^-3/$AW$5) -> 0
Z91: =(X91-Y91)*($AW$3*$AW$4*10^-3/$AW$5) -> 0 | AA91: =O91 -> 0 | AB91: =((((2-0)/(2-Q91))*O91+(1-((2-0)/(2-Q91)))*P91)) -> 0 | AC91: =R91 -> 0 | AD91: =((((2-0)/(2-T91))*R91+(1-((2-0)/(2-T91)))*S91)) -> 0 | AE91: =(C91+X91)*($AW$3*$AW$4*10^-3/$AW$5) -> 0 | AF91: =((((2-0)/(2-E91))*C91+(1-((2-0)/(2-E91)))*D91)+X91)*($AW$3*$AW$4*10^-3/$AW$5) -> 0 | AG91: =(F91+X91)*($AW$3*$AW$4*10^-3/$AW$5) -> 0 | AH91: =((((2-0)/(2-H91))*F91+(1-((2-0)/(2-H91)))*G91)+X91)*($AW$3*$AW$4*10^-3/$AW$5) -> 0 | AI91: =(I91+X91)*($AW$3*$AW$4*10^-3/$AW$5) -> 0 | AJ91: =((((2-0)/(2-K91))*I91+(1-((2-0)/(2-K91)))*J91)+X91)*($AW$3*$AW$4*10^-3/$AW$5) -> 0 | AK91: =(L91+X91)*($AW$3*$AW$4*10^-3/$AW$5) -> 0 | AL91: =((((2-0)/(2-N91))*L91+(1-((2-0)/(2-N91)))*M91)+X91)*($AW$3*$AW$4*10^-3/$AW$5) -> 0
Z92: =(X92-Y92)*($AW$3*$AW$4*10^-3/$AW$5) -> 0 | AA92: =O92 -> 0 | AB92: =((((2-0)/(2-Q92))*O92+(1-((2-0)/(2-Q92)))*P92)) -> 0 | AC92: =R92 -> 0 | AD92: =((((2-0)/(2-T92))*R92+(1-((2-0)/(2-T92)))*S92)) -> 0 | AE92: =(C92+X92)*($AW$3*$AW$4*10^-3/$AW$5) -> 0 | AF92: =((((2-0)/(2-E92))*C92+(1-((2-0)/(2-E92)))*D92)+X92)*($AW$3*$AW$4*10^-3/$AW$5) -> 0 | AG92: =(F92+X92)*($AW$3*$AW$4*10^-3/$AW$5) -> 0 | AH92: =((((2-0)/(2-H92))*F92+(1-((2-0)/(2-H92)))*G92)+X92)*($AW$3*$AW$4*10^-3/$AW$5) -> 0 | AI92: =(I92+X92)*($AW$3*$AW$4*10^-3/$AW$5) -> 0 | AJ92: =((((2-0)/(2-K92))*I92+(1-((2-0)/(2-K92)))*J92)+X92)*($AW$3*$AW$4*10^-3/$AW$5) -> 0 | AK92: =(L92+X92)*($AW$3*$AW$4*10^-3/$AW$5) -> 0 | AL92: =((((2-0)/(2-N92))*L92+(1-((2-0)/(2-N92)))*M92)+X92)*($AW$3*$AW$4*10^-3/$AW$5) -> 0
Z93: =(X93-Y93)*($AW$3*$AW$4*10^-3/$AW$5) -> 0 | AA93: =O93 -> 0 | AB93: =((((2-0)/(2-Q93))*O93+(1-((2-0)/(2-Q93)))*P93)) -> 0 | AC93: =R93 -> 0 | AD93: =((((2-0)/(2-T93))*R93+(1-((2-0)/(2-T93)))*S93)) -> 0 | AE93: =(C93+X93)*($AW$3*$AW$4*10^-3/$AW$5) -> 0 | AF93: =((((2-0)/(2-E93))*C93+(1-((2-0)/(2-E93)))*D93)+X93)*($AW$3*$AW$4*10^-3/$AW$5) -> 0 | AG93: =(F93+X93)*($AW$3*$AW$4*10^-3/$AW$5) -> 0 | AH93: =((((2-0)/(2-H93))*F93+(1-((2-0)/(2-H93)))*G93)+X93)*($AW$3*$AW$4*10^-3/$AW$5) -> 0 | AI93: =(I93+X93)*($AW$3*$AW$4*10^-3/$AW$5) -> 0 | AJ93: =((((2-0)/(2-K93))*I93+(1-((2-0)/(2-K93)))*J93)+X93)*($AW$3*$AW$4*10^-3/$AW$5) -> 0 | AK93: =(L93+X93)*($AW$3*$AW$4*10^-3/$AW$5) -> 0 | AL93: =((((2-0)/(2-N93))*L93+(1-((2-0)/(2-N93)))*M93)+X93)*($AW$3*$AW$4*10^-3/$AW$5) -> 0
A94: H2O2*H2O2_TS 298K 1 Atm | C94: -303.05947 | E94: 0.9794 | F94: -303.1546 | G94: -303.15011 | H94: 0.9792 | I94: -303.16179 | J94: -303.15741 | K94: 0.979 | L94: -303.16662 | M94: -303.16217 | N94: 0.9793 | O94: -9.04 | P94: -10.27 | Q94: 0.9868 | R94: -10.21 | S94: -11.42 | T94: 0.9809 | W94: 0.049133 | X94: 0.057301 | Y94: 0.018356 | Z94: =(X94-Y94)*($AW$3*$AW$4*10^-3/$AW$5) -> 24.438349 | AA94: =O94 -> -9.04 | AB94: =((((2-0)/(2-Q94))*O94+(1-((2-0)/(2-Q94)))*P94)) -> -7.842049 | AC94: =R94 -> -10.21 | AD94: =((((2-0)/(2-T94))*R94+(1-((2-0)/(2-T94)))*S94)) -> -9.0453557 | AE94: =(C94+X94)*($AW$3*$AW$4*10^-3/$AW$5) -> -190136.67 | AF94: =((((2-0)/(2-E94))*C94+(1-((2-0)/(2-E94)))*D94)+X94)*($AW$3*$AW$4*10^-3/$AW$5) -> -372632.34 | AG94: =(F94+X94)*($AW$3*$AW$4*10^-3/$AW$5) -> -190196.37 | AH94: =((((2-0)/(2-H94))*F94+(1-((2-0)/(2-H94)))*G94)+X94)*($AW$3*$AW$4*10^-3/$AW$5) -> -190199.07 | AI94: =(I94+X94)*($AW$3*$AW$4*10^-3/$AW$5) -> -190200.88 | AJ94: =((((2-0)/(2-K94))*I94+(1-((2-0)/(2-K94)))*J94)+X94)*($AW$3*$AW$4*10^-3/$AW$5) -> -190203.52 | AK94: =(L94+X94)*($AW$3*$AW$4*10^-3/$AW$5) -> -190203.91 | AL94: =((((2-0)/(2-N94))*L94+(1-((2-0)/(2-N94)))*M94)+X94)*($AW$3*$AW$4*10^-3/$AW$5) -> -190206.59
A95: H2O2*H2O2_TS 300K 1M | C95: -303.05947 | E95: 0.9794 | F95: -303.1546 | G95: -303.15011 | H95: 0.9792 | I95: -303.16179 | J95: -303.15741 | K95: 0.979 | L95: -303.16662 | M95: -303.16217 | N95: 0.9793 | O95: -9.04 | P95: -10.27 | Q95: 0.9868 | R95: -10.21 | S95: -11.42 | T95: 0.9809 | W95: 0.049133 | X95: 0.057375 | Y95: 0.021156 | Z95: =(X95-Y95)*($AW$3*$AW$4*10^-3/$AW$5) -> 22.727759 | AA95: =O95 -> -9.04 | AB95: =((((2-0)/(2-Q95))*O95+(1-((2-0)/(2-Q95)))*P95)) -> -7.842049 | AC95: =R95 -> -10.21 | AD95: =((((2-0)/(2-T95))*R95+(1-((2-0)/(2-T95)))*S95)) -> -9.0453557 | AE95: =(C95+X95)*($AW$3*$AW$4*10^-3/$AW$5) -> -190136.63 | AF95: =((((2-0)/(2-E95))*C95+(1-((2-0)/(2-E95)))*D95)+X95)*($AW$3*$AW$4*10^-3/$AW$5) -> -372632.29 | AG95: =(F95+X95)*($AW$3*$AW$4*10^-3/$AW$5) -> -190196.32 | AH95: =((((2-0)/(2-H95))*F95+(1-((2-0)/(2-H95)))*G95)+X95)*($AW$3*$AW$4*10^-3/$AW$5) -> -190199.02 | AI95: =(I95+X95)*($AW$3*$AW$4*10^-3/$AW$5) -> -190200.83 | AJ95: =((((2-0)/(2-K95))*I95+(1-((2-0)/(2-K95)))*J95)+X95)*($AW$3*$AW$4*10^-3/$AW$5) -> -190203.47 | AK95: =(L95+X95)*($AW$3*$AW$4*10^-3/$AW$5) -> -190203.86 | AL95: =((((2-0)/(2-N95))*L95+(1-((2-0)/(2-N95)))*M95)+X95)*($AW$3*$AW$4*10^-3/$AW$5) -> -190206.54
A96: H2O2*H2O2_TS 350K 1M | C96: -303.05947 | E96: 0.9794 | F96: -303.1546 | G96: -303.15011 | H96: 0.9792 | I96: -303.16179 | J96: -303.15741 | K96: 0.979 | L96: -303.16662 | M96: -303.16217 | N96: 0.9793 | O96: -9.04 | P96: -10.27 | Q96: 0.9868 | R96: -10.21 | S96: -11.42 | T96: 0.9809 | W96: 0.049133 | X96: 0.059351 | Y96: 0.014965 | Z96: =(X96-Y96)*($AW$3*$AW$4*10^-3/$AW$5) -> 27.852627 | AA96: =O96 -> -9.04 | AB96: =((((2-0)/(2-Q96))*O96+(1-((2-0)/(2-Q96)))*P96)) -> -7.842049 | AC96: =R96 -> -10.21 | AD96: =((((2-0)/(2-T96))*R96+(1-((2-0)/(2-T96)))*S96)) -> -9.0453557 | AE96: =(C96+X96)*($AW$3*$AW$4*10^-3/$AW$5) -> -190135.39 | AF96: =((((2-0)/(2-E96))*C96+(1-((2-0)/(2-E96)))*D96)+X96)*($AW$3*$AW$4*10^-3/$AW$5) -> -372631.05 | AG96: =(F96+X96)*($AW$3*$AW$4*10^-3/$AW$5) -> -190195.08 | AH96: =((((2-0)/(2-H96))*F96+(1-((2-0)/(2-H96)))*G96)+X96)*($AW$3*$AW$4*10^-3/$AW$5) -> -190197.78 | AI96: =(I96+X96)*($AW$3*$AW$4*10^-3/$AW$5) -> -190199.59 | AJ96: =((((2-0)/(2-K96))*I96+(1-((2-0)/(2-K96)))*J96)+X96)*($AW$3*$AW$4*10^-3/$AW$5) -> -190202.23 | AK96: =(L96+X96)*($AW$3*$AW$4*10^-3/$AW$5) -> -190202.62 | AL96: =((((2-0)/(2-N96))*L96+(1-((2-0)/(2-N96)))*M96)+X96)*($AW$3*$AW$4*10^-3/$AW$5) -> -190205.3
A97: H2O2*H2O2_TS 400K 1M | C97: -303.05947 | E97: 0.9794 | F97: -303.1546 | G97: -303.15011 | H97: 0.9792 | I97: -303.16179 | J97: -303.15741 | K97: 0.979 | L97: -303.16662 | M97: -303.16217 | N97: 0.9793 | O97: -9.04 | P97: -10.27 | Q97: 0.9868 | R97: -10.21 | S97: -11.42 | T97: 0.9809 | W97: 0.049133 | X97: 0.061421 | Y97: 0.008484 | Z97: =(X97-Y97)*($AW$3*$AW$4*10^-3/$AW$5) -> 33.218459 | AA97: =O97 -> -9.04 | AB97: =((((2-0)/(2-Q97))*O97+(1-((2-0)/(2-Q97)))*P97)) -> -7.842049 | AC97: =R97 -> -10.21 | AD97: =((((2-0)/(2-T97))*R97+(1-((2-0)/(2-T97)))*S97)) -> -9.0453557 | AE97: =(C97+X97)*($AW$3*$AW$4*10^-3/$AW$5) -> -190134.09 | AF97: =((((2-0)/(2-E97))*C97+(1-((2-0)/(2-E97)))*D97)+X97)*($AW$3*$AW$4*10^-3/$AW$5) -> -372629.75 | AG97: =(F97+X97)*($AW$3*$AW$4*10^-3/$AW$5) -> -190193.78 | AH97: =((((2-0)/(2-H97))*F97+(1-((2-0)/(2-H97)))*G97)+X97)*($AW$3*$AW$4*10^-3/$AW$5) -> -190196.48 | AI97: =(I97+X97)*($AW$3*$AW$4*10^-3/$AW$5) -> -190198.29 | AJ97: =((((2-0)/(2-K97))*I97+(1-((2-0)/(2-K97)))*J97)+X97)*($AW$3*$AW$4*10^-3/$AW$5) -> -190200.93 | AK97: =(L97+X97)*($AW$3*$AW$4*10^-3/$AW$5) -> -190201.33 | AL97: =((((2-0)/(2-N97))*L97+(1-((2-0)/(2-N97)))*M97)+X97)*($AW$3*$AW$4*10^-3/$AW$5) -> -190204
A98: H2O2*H2O2_TS 450K 1M | C98: -303.05947 | E98: 0.9794 | F98: -303.1546 | G98: -303.15011 | H98: 0.9792 | I98: -303.16179 | J98: -303.15741 | K98: 0.979 | L98: -303.16662 | M98: -303.16217 | N98: 0.9793 | O98: -9.04 | P98: -10.27 | Q98: 0.9868 | R98: -10.21 | S98: -11.42 | T98: 0.9809 | W98: 0.049133 | X98: 0.06357 | Y98: 0.001738 | Z98: =(X98-Y98)*($AW$3*$AW$4*10^-3/$AW$5) -> 38.800154 | AA98: =O98 -> -9.04 | AB98: =((((2-0)/(2-Q98))*O98+(1-((2-0)/(2-Q98)))*P98)) -> -7.842049 | AC98: =R98 -> -10.21 | AD98: =((((2-0)/(2-T98))*R98+(1-((2-0)/(2-T98)))*S98)) -> -9.0453557 | AE98: =(C98+X98)*($AW$3*$AW$4*10^-3/$AW$5) -> -190132.74 | AF98: =((((2-0)/(2-E98))*C98+(1-((2-0)/(2-E98)))*D98)+X98)*($AW$3*$AW$4*10^-3/$AW$5) -> -372628.4 | AG98: =(F98+X98)*($AW$3*$AW$4*10^-3/$AW$5) -> -190192.44 | AH98: =((((2-0)/(2-H98))*F98+(1-((2-0)/(2-H98)))*G98)+X98)*($AW$3*$AW$4*10^-3/$AW$5) -> -190195.14 | AI98: =(I98+X98)*($AW$3*$AW$4*10^-3/$AW$5) -> -190196.95 | AJ98: =((((2-0)/(2-K98))*I98+(1-((2-0)/(2-K98)))*J98)+X98)*($AW$3*$AW$4*10^-3/$AW$5) -> -190199.58 | AK98: =(L98+X98)*($AW$3*$AW$4*10^-3/$AW$5) -> -190199.98 | AL98: =((((2-0)/(2-N98))*L98+(1-((2-0)/(2-N98)))*M98)+X98)*($AW$3*$AW$4*10^-3/$AW$5) -> -190202.65
A99: H2O2*H2O2_TS 500K 1M | C99: -303.05947 | E99: 0.9794 | F99: -303.1546 | G99: -303.15011 | H99: 0.9792 | I99: -303.16179 | J99: -303.15741 | K99: 0.979 | L99: -303.16662 | M99: -303.16217 | N99: 0.9793 | O99: -9.04 | P99: -10.27 | Q99: 0.9868 | R99: -10.21 | S99: -11.42 | T99: 0.9809 | W99: 0.049133 | X99: 0.065787 | Y99: -0.00525 | Z99: =(X99-Y99)*($AW$3*$AW$4*10^-3/$AW$5) -> 44.576377 | AA99: =O99 -> -9.04 | AB99: =((((2-0)/(2-Q99))*O99+(1-((2-0)/(2-Q99)))*P99)) -> -7.842049 | AC99: =R99 -> -10.21 | AD99: =((((2-0)/(2-T99))*R99+(1-((2-0)/(2-T99)))*S99)) -> -9.0453557 | AE99: =(C99+X99)*($AW$3*$AW$4*10^-3/$AW$5) -> -190131.35 | AF99: =((((2-0)/(2-E99))*C99+(1-((2-0)/(2-E99)))*D99)+X99)*($AW$3*$AW$4*10^-3/$AW$5) -> -372627.01 | AG99: =(F99+X99)*($AW$3*$AW$4*10^-3/$AW$5) -> -190191.04 | AH99: =((((2-0)/(2-H99))*F99+(1-((2-0)/(2-H99)))*G99)+X99)*($AW$3*$AW$4*10^-3/$AW$5) -> -190193.74 | AI99: =(I99+X99)*($AW$3*$AW$4*10^-3/$AW$5) -> -190195.55 | AJ99: =((((2-0)/(2-K99))*I99+(1-((2-0)/(2-K99)))*J99)+X99)*($AW$3*$AW$4*10^-3/$AW$5) -> -190198.19 | AK99: =(L99+X99)*($AW$3*$AW$4*10^-3/$AW$5) -> -190198.59 | AL99: =((((2-0)/(2-N99))*L99+(1-((2-0)/(2-N99)))*M99)+X99)*($AW$3*$AW$4*10^-3/$AW$5) -> -190201.26
A100: H2O2*H2O2_TS 550K 1M | C100: -303.05947 | E100: 0.9794 | F100: -303.1546 | G100: -303.15011 | H100: 0.9792 | I100: -303.16179 | J100: -303.15741 | K100: 0.979 | L100: -303.16662 | M100: -303.16217 | N100: 0.9793 | O100: -9.04 | P100: -10.27 | Q100: 0.9868 | R100: -10.21 | S100: -11.42 | T100: 0.9809 | W100: 0.049133 | X100: 0.068062 | Y100: -0.012464 | Z100: =(X100-Y100)*($AW$3*$AW$4*10^-3/$AW$5) -> 50.530812 | AA100: =O100 -> -9.04 | AB100: =((((2-0)/(2-Q100))*O100+(1-((2-0)/(2-Q100)))*P100)) -> -7.842049 | AC100: =R100 -> -10.21 | AD100: =((((2-0)/(2-T100))*R100+(1-((2-0)/(2-T100)))*S100)) -> -9.0453557 | AE100: =(C100+X100)*($AW$3*$AW$4*10^-3/$AW$5) -> -190129.92 | AF100: =((((2-0)/(2-E100))*C100+(1-((2-0)/(2-E100)))*D100)+X100)*($AW$3*$AW$4*10^-3/$AW$5) -> -372625.58 | AG100: =(F100+X100)*($AW$3*$AW$4*10^-3/$AW$5) -> -190189.62 | AH100: =((((2-0)/(2-H100))*F100+(1-((2-0)/(2-H100)))*G100)+X100)*($AW$3*$AW$4*10^-3/$AW$5) -> -190192.32 | AI100: =(I100+X100)*($AW$3*$AW$4*10^-3/$AW$5) -> -190194.13 | AJ100: =((((2-0)/(2-K100))*I100+(1-((2-0)/(2-K100)))*J100)+X100)*($AW$3*$AW$4*10^-3/$AW$5) -> -190196.76 | AK100: =(L100+X100)*($AW$3*$AW$4*10^-3/$AW$5) -> -190197.16 | AL100: =((((2-0)/(2-N100))*L100+(1-((2-0)/(2-N100)))*M100)+X100)*($AW$3*$AW$4*10^-3/$AW$5) -> -190199.84
A101: H2O2*H2O2_TS 600K 1M | C101: -303.05947 | E101: 0.9794 | F101: -303.1546 | G101: -303.15011 | H101: 0.9792 | I101: -303.16179 | J101: -303.15741 | K101: 0.979 | L101: -303.16662 | M101: -303.16217 | N101: 0.9793 | O101: -9.04 | P101: -10.27 | Q101: 0.9868 | R101: -10.21 | S101: -11.42 | T101: 0.9809 | W101: 0.049133 | X101: 0.07039 | Y101: -0.019886 | Z101: =(X101-Y101)*($AW$3*$AW$4*10^-3/$AW$5) -> 56.649028 | AA101: =O101 -> -9.04 | AB101: =((((2-0)/(2-Q101))*O101+(1-((2-0)/(2-Q101)))*P101)) -> -7.842049 | AC101: =R101 -> -10.21 | AD101: =((((2-0)/(2-T101))*R101+(1-((2-0)/(2-T101)))*S101)) -> -9.0453557 | AE101: =(C101+X101)*($AW$3*$AW$4*10^-3/$AW$5) -> -190128.46 | AF101: =((((2-0)/(2-E101))*C101+(1-((2-0)/(2-E101)))*D101)+X101)*($AW$3*$AW$4*10^-3/$AW$5) -> -372624.12 | AG101: =(F101+X101)*($AW$3*$AW$4*10^-3/$AW$5) -> -190188.16 | AH101: =((((2-0)/(2-H101))*F101+(1-((2-0)/(2-H101)))*G101)+X101)*($AW$3*$AW$4*10^-3/$AW$5) -> -190190.86 | AI101: =(I101+X101)*($AW$3*$AW$4*10^-3/$AW$5) -> -190192.67 | AJ101: =((((2-0)/(2-K101))*I101+(1-((2-0)/(2-K101)))*J101)+X101)*($AW$3*$AW$4*10^-3/$AW$5) -> -190195.3 | AK101: =(L101+X101)*($AW$3*$AW$4*10^-3/$AW$5) -> -190195.7 | AL101: =((((2-0)/(2-N101))*L101+(1-((2-0)/(2-N101)))*M101)+X101)*($AW$3*$AW$4*10^-3/$AW$5) -> -190198.37
